t,x,y,z,heading,modo,drive_izq,drive_der,vx,yaw_rate,GF_1,GF_2,LC4_left,LC4_right,LPLC2_left,LPLC2_right,DNa01_left,DNa01_right,DNa02_left,DNa02_right,P9_left,P9_right,MDN_1,aDN1_left
0.0,0.016,0.007,1.781,0.0,walking,0.0,0.0,0.0,0.0,0.0,0.0,0.0,0.0,0.0,0.0,0.0,0.0,0.0,0.0,0.0,0.0,0.0,0.0
0.0333,0.257,-0.009,1.052,0.0046,walking,0.0,0.0,0.0,0.0,0.0,0.0,0.0,0.0,0.0,0.0,0.0,0.0,0.0,0.0,0.0,0.0,0.0,0.0
0.0666,0.267,-0.01,1.059,0.0053,walking,0.0,0.0,0.0,0.0,0.0,0.0,0.0,0.0,0.0,0.0,0.0,0.0,0.0,0.0,0.0,0.0,0.0,0.0
0.0999,0.267,-0.011,1.057,0.003,walking,0.0,0.0,0.0,0.0,0.0,0.0,0.0,0.0,0.0,0.0,0.0,0.0,0.0,0.0,0.0,0.0,0.0,0.0
0.1332,0.267,-0.009,1.058,0.005,walking,0.0,0.0,0.0,0.0,0.0,0.0,0.0,0.0,0.0,0.0,0.0,0.0,0.0,0.0,0.0,0.0,0.0,0.0
0.1665,0.262,-0.009,1.052,0.0049,walking,0.0,0.0,0.0,0.0,0.0,0.0,0.0,0.0,0.0,0.0,0.0,0.0,0.0,0.0,0.0,0.0,0.0,0.0
0.1998,0.253,-0.011,1.048,0.0043,walking,0.0,0.0,0.0,0.0,0.0,0.0,0.0,0.0,0.0,0.0,0.0,0.0,0.0,0.0,0.0,0.0,0.0,0.0
0.2331,0.246,-0.011,1.04,0.0069,walking,0.0,0.0,0.0,0.0,0.0,0.0,0.0,0.0,0.0,0.0,0.0,0.0,0.0,0.0,0.0,0.0,0.0,0.0
0.2664,0.234,-0.014,1.049,0.0033,walking,0.0,0.0,0.0,0.0,0.0,0.0,0.0,0.0,0.0,0.0,0.0,0.0,0.0,0.0,0.0,0.0,0.0,0.0
0.2997,0.233,-0.01,1.049,0.0052,walking,0.0,0.0,0.0,0.0,0.0,0.0,0.0,0.0,0.0,0.0,0.0,0.0,0.0,0.0,0.0,0.0,0.0,0.0
0.333,0.227,-0.011,1.04,0.005,walking,0.0,0.0,0.0,0.0,0.0,0.0,0.0,0.0,0.0,0.0,0.0,0.0,0.0,0.0,0.0,0.0,0.0,0.0
0.3663,0.212,-0.01,1.054,0.0036,walking,0.0,0.0,0.0,0.0,0.0,0.0,0.0,0.0,0.0,0.0,0.0,0.0,0.0,0.0,0.0,0.0,0.0,0.0
0.3996,0.207,-0.011,1.048,0.0043,walking,0.0,0.0,0.0,0.0,0.0,0.0,0.0,0.0,0.0,0.0,0.0,0.0,0.0,0.0,0.0,0.0,0.0,0.0
0.4329,0.195,-0.01,1.055,0.0014,walking,0.0,0.0,0.0,0.0,0.0,0.0,0.0,0.0,0.0,0.0,0.0,0.0,0.0,0.0,0.0,0.0,0.0,0.0
0.4662,0.192,-0.01,1.052,0.0051,walking,0.0,0.0,0.0,0.0,0.0,0.0,0.0,0.0,0.0,0.0,0.0,0.0,0.0,0.0,0.0,0.0,0.0,0.0
0.4995,0.184,-0.009,1.046,0.0055,walking,0.0,0.0,0.0,0.0,0.0,0.0,0.0,0.0,0.0,0.0,0.0,0.0,0.0,0.0,0.0,0.0,0.0,0.0
0.5328,0.183,-0.01,1.051,0.0049,walking,0.0,0.0,0.0,0.0,0.0,0.0,0.0,0.0,0.0,0.0,0.0,0.0,0.0,0.0,0.0,0.0,0.0,0.0
0.5661,0.181,-0.011,1.049,0.0066,walking,0.0,0.0,0.0,0.0,0.0,0.0,0.0,0.0,0.0,0.0,0.0,0.0,0.0,0.0,0.0,0.0,0.0,0.0
0.5994,0.175,-0.014,1.048,0.0034,walking,0.0,0.0,0.0,0.0,0.0,0.0,0.0,0.0,0.0,0.0,0.0,0.0,0.0,0.0,0.0,0.0,0.0,0.0
0.6327,0.183,-0.01,1.054,0.0068,walking,0.0,0.0,0.0,0.0,0.0,0.0,0.0,0.0,0.0,0.0,0.0,0.0,0.0,0.0,0.0,0.0,0.0,0.0
0.666,0.178,-0.01,1.049,0.0062,walking,0.0,0.0,0.0,0.0,0.0,0.0,0.0,0.0,0.0,0.0,0.0,0.0,0.0,0.0,0.0,0.0,0.0,0.0
0.6993,0.184,-0.01,1.054,0.0059,walking,0.0,0.0,0.0,0.0,0.0,0.0,0.0,0.0,0.0,0.0,0.0,0.0,0.0,0.0,0.0,0.0,0.0,0.0
0.7326,0.183,-0.011,1.051,0.0065,walking,0.0,0.0,0.0,0.0,0.0,0.0,0.0,0.0,0.0,0.0,0.0,0.0,0.0,0.0,0.0,0.0,0.0,0.0
0.7659,0.183,-0.012,1.05,0.007,walking,0.0,0.0,0.0,0.0,0.0,0.0,0.0,0.0,0.0,0.0,0.0,0.0,0.0,0.0,0.0,0.0,0.0,0.0
0.7992,0.182,-0.011,1.049,0.0062,walking,0.0,0.0,0.0,0.0,0.0,0.0,0.0,0.0,0.0,0.0,0.0,0.0,0.0,0.0,0.0,0.0,0.0,0.0
0.8325,0.174,-0.01,1.042,0.0065,walking,0.0,0.0,0.0,0.0,0.0,0.0,0.0,0.0,0.0,0.0,0.0,0.0,0.0,0.0,0.0,0.0,0.0,0.0
0.8658,0.174,-0.009,1.045,0.0063,walking,0.144,0.144,0.144,0.0,0.0,0.0,0.0,0.0,0.0,0.0,0.0,0.0,0.0,0.0,114.94,0.0,0.0,0.0
0.8991,0.188,-0.01,1.047,0.0032,walking,0.139,0.139,0.139,0.0,0.0,0.0,0.0,0.0,0.0,0.0,0.0,0.0,0.0,0.0,111.11,0.0,0.0,0.0
0.9324,0.202,-0.011,1.037,0.0169,walking,0.133,0.133,0.133,0.0,0.0,0.0,0.0,0.0,0.0,0.0,0.0,0.0,0.0,0.0,106.38,0.0,0.0,0.0
0.9657,0.201,0.012,1.075,0.0025,walking,0.129,0.129,0.129,0.0,0.0,0.0,0.0,0.0,0.0,0.0,0.0,0.0,0.0,0.0,103.09,0.0,0.0,0.0
0.999,0.238,0.002,1.067,0.0081,walking,0.125,0.125,0.125,0.0,0.0,0.0,0.0,0.0,0.0,0.0,0.0,0.0,0.0,0.0,100.0,0.0,0.0,0.0
1.0323,0.177,0.018,1.092,0.0146,walking,0.12,0.12,0.12,0.0,0.0,0.0,0.0,0.0,0.0,0.0,0.0,0.0,0.0,0.0,96.15,0.0,0.0,0.0
1.0656,0.251,0.024,1.09,0.0018,walking,0.117,0.117,0.117,0.0,0.0,0.0,0.0,0.0,0.0,0.0,0.0,0.0,0.0,0.0,93.46,0.0,0.0,0.0
1.0989,0.256,0.025,1.064,0.0105,walking,0.114,0.114,0.114,0.0,0.0,0.0,0.0,0.0,0.0,0.0,0.0,0.0,0.0,0.0,90.91,0.0,0.0,0.0
1.1322,0.266,0.044,1.081,0.0122,walking,0.11,0.11,0.11,0.0,0.0,0.0,0.0,0.0,0.0,0.0,0.0,0.0,0.0,0.0,87.72,0.0,0.0,0.0
1.1655,0.288,0.035,1.05,0.0128,walking,0.107,0.107,0.107,0.0,0.0,0.0,0.0,0.0,0.0,0.0,0.0,0.0,0.0,0.0,85.47,0.0,0.0,0.0
1.1988,0.283,0.046,1.061,0.0239,walking,0.104,0.104,0.104,0.0,0.0,0.0,0.0,0.0,0.0,0.0,0.0,0.0,0.0,0.0,83.33,0.0,0.0,0.0
1.2321,0.333,0.043,1.056,0.0073,walking,0.101,0.101,0.101,0.0,0.0,0.0,0.0,0.0,0.0,0.0,0.0,0.0,0.0,0.0,80.65,0.0,0.0,0.0
1.2654,0.344,0.047,1.049,0.0142,walking,0.098,0.098,0.098,0.0,0.0,0.0,0.0,0.0,0.0,0.0,0.0,0.0,0.0,0.0,78.74,0.0,0.0,0.0
1.2987,0.342,0.05,1.059,0.0207,walking,0.192,0.192,0.192,0.0,0.0,0.0,0.0,0.0,0.0,0.0,0.0,0.0,0.0,0.0,76.92,76.92,0.0,0.0
1.332,0.381,0.035,1.027,0.0063,walking,0.187,0.187,0.187,0.0,0.0,0.0,0.0,0.0,0.0,0.0,0.0,0.0,0.0,0.0,74.63,74.63,0.0,0.0
1.3653,0.405,0.053,1.022,0.038,walking,0.182,0.182,0.182,0.0,0.0,0.0,0.0,0.0,0.0,0.0,0.0,0.0,0.0,0.0,72.99,72.99,0.0,0.0
1.3986,0.473,0.06,1.035,0.0122,walking,0.179,0.179,0.179,0.0,0.0,0.0,0.0,0.0,0.0,0.0,0.0,0.0,0.0,0.0,71.43,71.43,0.0,0.0
1.4319,0.512,0.055,1.024,0.0287,walking,0.174,0.174,0.174,0.0,0.0,0.0,0.0,0.0,0.0,0.0,0.0,0.0,0.0,0.0,69.44,69.44,0.0,0.0
1.4652,0.555,0.068,1.026,0.0269,walking,0.17,0.17,0.17,0.0,0.0,0.0,0.0,0.0,0.0,0.0,0.0,0.0,0.0,0.0,68.03,68.03,0.0,0.0
1.4985,0.595,0.055,1.013,0.0073,walking,0.167,0.167,0.167,0.0,0.0,0.0,0.0,0.0,0.0,0.0,0.0,0.0,0.0,0.0,66.67,66.67,0.0,0.0
1.5318,0.639,0.075,1.0,0.0473,walking,0.162,0.162,0.162,0.0,0.0,0.0,0.0,0.0,0.0,0.0,0.0,0.0,0.0,0.0,64.94,64.94,0.0,0.0
1.5651,0.699,0.069,1.013,0.0169,walking,0.159,0.159,0.159,0.0,0.0,0.0,0.0,0.0,0.0,0.0,0.0,0.0,0.0,0.0,63.69,63.69,0.0,0.0
1.5984,0.74,0.071,1.019,0.0319,walking,0.156,0.156,0.156,0.0,0.0,0.0,0.0,0.0,0.0,0.0,0.0,0.0,0.0,0.0,62.5,62.5,0.0,0.0
1.6317,0.788,0.081,1.006,0.036,walking,0.152,0.152,0.152,0.0,0.0,0.0,0.0,0.0,0.0,0.0,0.0,0.0,0.0,0.0,60.98,60.98,0.0,0.0
1.665,0.815,0.081,0.986,0.0141,walking,0.15,0.15,0.15,0.0,0.0,0.0,0.0,0.0,0.0,0.0,0.0,0.0,0.0,0.0,59.88,59.88,0.0,0.0
1.6983,0.871,0.094,0.986,0.0462,walking,0.147,0.147,0.147,0.0,0.0,0.0,0.0,0.0,0.0,0.0,0.0,0.0,0.0,0.0,58.82,58.82,0.0,0.0
1.7316,0.935,0.092,1.005,0.0229,walking,0.144,0.144,0.144,0.0,0.0,0.0,0.0,0.0,0.0,0.0,0.0,0.0,0.0,0.0,57.47,57.47,0.0,0.0
1.7649,0.974,0.091,1.019,0.0264,walking,0.141,0.141,0.141,0.0,0.0,0.0,0.0,0.0,0.0,0.0,0.0,0.0,0.0,0.0,56.5,56.5,0.0,0.0
1.7982,1.022,0.096,1.004,0.0289,walking,0.208,0.208,0.208,0.0,0.0,0.0,0.0,0.0,0.0,0.0,0.0,0.0,0.0,0.0,111.11,55.56,0.0,0.0
1.8315,1.063,0.087,0.989,0.0002,walking,0.204,0.204,0.204,0.0,0.0,0.0,0.0,0.0,0.0,0.0,0.0,0.0,0.0,0.0,108.7,54.35,0.0,0.0
1.8648,1.135,0.091,0.993,0.0426,walking,0.201,0.201,0.201,0.0,0.0,0.0,0.0,0.0,0.0,0.0,0.0,0.0,0.0,0.0,106.95,53.48,0.0,0.0
1.8981,1.236,0.091,1.006,0.0109,walking,0.263,0.263,0.263,0.0,0.0,0.0,0.0,0.0,0.0,0.0,0.0,0.0,0.0,0.0,105.26,105.26,0.0,0.0
1.9314,1.322,0.083,1.04,0.0357,walking,0.258,0.258,0.258,0.0,0.0,0.0,0.0,0.0,0.0,0.0,0.0,0.0,0.0,0.0,103.09,103.09,0.0,0.0
1.9647,1.437,0.118,1.019,0.0302,walking,0.254,0.254,0.254,0.0,0.0,0.0,0.0,0.0,0.0,0.0,0.0,0.0,0.0,0.0,101.52,101.52,0.0,0.0
1.998,1.511,0.082,0.997,0.0036,walking,0.25,0.25,0.25,0.0,0.0,0.0,0.0,0.0,0.0,0.0,0.0,0.0,0.0,0.0,100.0,100.0,0.0,0.0
2.0313,1.619,0.094,1.025,0.056,walking,0.245,0.245,0.245,0.0,0.0,0.0,0.0,0.0,0.0,0.0,0.0,0.0,0.0,0.0,98.04,98.04,0.0,0.0
2.0646,1.745,0.106,1.045,0.0166,walking,0.242,0.242,0.242,0.0,0.0,0.0,0.0,0.0,0.0,0.0,0.0,0.0,0.0,0.0,96.62,96.62,0.0,0.0
2.0979,1.838,0.09,1.059,0.0395,walking,0.238,0.238,0.238,0.0,0.0,0.0,0.0,0.0,0.0,0.0,0.0,0.0,0.0,0.0,95.24,95.24,0.0,0.0
2.1312,1.947,0.127,1.038,0.0354,walking,0.234,0.234,0.234,0.0,0.0,0.0,0.0,0.0,0.0,0.0,0.0,0.0,0.0,0.0,93.46,93.46,0.0,0.0
2.1645,2.018,0.09,1.013,0.0081,walking,0.23,0.23,0.23,0.0,0.0,0.0,0.0,0.0,0.0,0.0,0.0,0.0,0.0,0.0,92.17,92.17,0.0,0.0
2.1978,2.118,0.107,1.034,0.0542,walking,0.227,0.227,0.227,0.0,0.0,0.0,0.0,0.0,0.0,0.0,0.0,0.0,0.0,0.0,90.91,90.91,0.0,0.0
2.2311,2.235,0.129,1.042,0.0201,walking,0.223,0.223,0.223,0.0,0.0,0.0,0.0,0.0,0.0,0.0,0.0,0.0,0.0,0.0,89.29,89.29,0.0,0.0
2.2644,2.325,0.117,1.064,0.0422,walking,0.22,0.22,0.22,0.0,0.0,0.0,0.0,0.0,0.0,0.0,0.0,0.0,0.0,0.0,88.11,88.11,0.0,0.0
2.2977,2.428,0.151,1.038,0.0412,walking,0.217,0.217,0.217,0.0,0.0,0.0,0.0,0.0,0.0,0.0,0.0,0.0,0.0,0.0,86.96,86.96,0.0,0.0
2.331,2.481,0.126,1.013,0.0186,walking,0.214,0.214,0.214,0.0,0.0,0.0,0.0,0.0,0.0,0.0,0.0,0.0,0.0,0.0,85.47,85.47,0.0,0.0
2.3643,2.576,0.144,1.032,0.0614,walking,0.211,0.211,0.211,0.0,0.0,0.0,0.0,0.0,0.0,0.0,0.0,0.0,0.0,0.0,84.39,84.39,0.0,0.0
2.3976,2.682,0.161,1.043,0.0316,walking,0.208,0.208,0.208,0.0,0.0,0.0,0.0,0.0,0.0,0.0,0.0,0.0,0.0,0.0,83.33,83.33,0.0,0.0
2.4309,2.756,0.148,1.056,0.0491,walking,0.205,0.205,0.205,0.0,0.0,0.0,0.0,0.0,0.0,0.0,0.0,0.0,0.0,0.0,81.97,81.97,0.0,0.0
2.4642,2.84,0.176,1.03,0.0487,walking,0.253,0.253,0.253,0.0,0.0,0.0,0.0,0.0,0.0,0.0,0.0,0.0,0.0,0.0,121.46,80.97,0.0,0.0
2.4975,2.909,0.147,1.01,0.0186,walking,0.25,0.25,0.25,0.0,0.0,0.0,0.0,0.0,0.0,0.0,0.0,0.0,0.0,0.0,120.0,80.0,0.0,0.0
2.5308,3.001,0.16,1.02,0.0616,walking,0.246,0.246,0.246,0.0,0.0,0.0,0.0,0.0,0.0,0.0,0.0,0.0,0.0,0.0,118.11,78.74,0.0,0.0
2.5641,3.124,0.175,1.037,0.0194,walking,0.243,0.243,0.243,0.0,0.0,0.0,0.0,0.0,0.0,0.0,0.0,0.0,0.0,0.0,116.73,77.82,0.0,0.0
2.5974,3.227,0.154,1.062,0.0447,walking,0.24,0.24,0.24,0.0,0.0,0.0,0.0,0.0,0.0,0.0,0.0,0.0,0.0,0.0,115.38,76.92,0.0,0.0
2.6307,3.338,0.201,1.038,0.0427,walking,0.237,0.237,0.237,0.0,0.0,0.0,0.0,0.0,0.0,0.0,0.0,0.0,0.0,0.0,113.64,75.76,0.0,0.0
2.664,3.406,0.164,1.013,0.0167,walking,0.234,0.234,0.234,0.0,0.0,0.0,0.0,0.0,0.0,0.0,0.0,0.0,0.0,0.0,112.36,74.91,0.0,0.0
2.6973,3.509,0.184,1.03,0.0565,walking,0.231,0.231,0.231,0.0,0.0,0.0,0.0,0.0,0.0,0.0,0.0,0.0,0.0,0.0,111.11,74.07,0.0,0.0
2.7306,3.611,0.195,1.035,0.0257,walking,0.228,0.228,0.228,0.0,0.0,0.0,0.0,0.0,0.0,0.0,0.0,0.0,0.0,0.0,109.49,72.99,0.0,0.0
2.7639,3.702,0.18,1.053,0.0486,walking,0.226,0.226,0.226,0.0,0.0,0.0,0.0,0.0,0.0,0.0,0.0,0.0,0.0,0.0,108.3,72.2,0.0,0.0
2.7972,3.8,0.223,1.029,0.0503,walking,0.223,0.223,0.223,0.0,0.0,0.0,0.0,0.0,0.0,0.0,0.0,0.0,0.0,0.0,107.14,71.43,0.0,0.0
2.8305,3.881,0.185,1.019,0.0191,walking,0.22,0.22,0.22,0.0,0.0,0.0,0.0,0.0,0.0,0.0,0.0,0.0,0.0,0.0,105.63,70.42,0.0,0.0
2.8638,3.97,0.2,1.03,0.0658,walking,0.218,0.218,0.218,0.0,0.0,0.0,0.0,0.0,0.0,0.0,0.0,0.0,0.0,0.0,104.53,69.69,0.0,0.0
2.8971,4.084,0.22,1.041,0.0326,walking,0.216,0.216,0.216,0.0,0.0,0.0,0.0,0.0,0.0,0.0,0.0,0.0,0.0,0.0,103.45,68.97,0.0,0.0
2.9304,4.165,0.207,1.063,0.0533,walking,0.213,0.213,0.213,0.0,0.0,0.0,0.0,0.0,0.0,0.0,0.0,0.0,0.0,0.0,102.04,68.03,0.0,0.0
2.9637,4.258,0.242,1.035,0.0538,walking,0.21,0.21,0.21,0.0,0.0,0.0,0.0,0.0,0.0,0.0,0.0,0.0,0.0,0.0,101.01,67.34,0.0,0.0
2.997,4.307,0.217,1.006,0.0257,walking,0.208,0.208,0.208,0.0,0.0,0.0,0.0,0.0,0.0,0.0,0.0,0.0,0.0,0.0,100.0,66.67,0.0,0.0
3.0303,4.402,0.225,1.022,0.0688,walking,0.206,0.206,0.206,0.0,0.0,0.0,0.0,0.0,0.0,0.0,0.0,0.0,0.0,0.0,98.68,65.79,0.0,0.0
3.0636,4.503,0.238,1.035,0.036,walking,0.204,0.204,0.204,0.0,0.0,0.0,0.0,0.0,0.0,0.0,0.0,0.0,0.0,0.0,97.72,65.15,0.0,0.0
3.0969,4.584,0.226,1.054,0.0555,walking,0.202,0.202,0.202,0.0,0.0,32.26,0.0,0.0,0.0,0.0,0.0,0.0,0.0,0.0,96.77,64.52,0.0,0.0
3.1302,4.67,0.256,1.024,0.0552,walking,0.199,0.199,0.199,0.0,31.85,31.85,0.0,0.0,0.0,0.0,0.0,0.0,0.0,0.0,95.54,63.69,0.0,0.0
3.1635,4.711,0.24,1.003,0.0281,walking,0.197,0.197,0.197,0.0,31.55,31.55,0.0,0.0,0.0,0.0,0.0,0.0,0.0,0.0,94.64,63.09,0.0,0.0
3.1968,4.802,0.251,1.014,0.0664,walking,0.234,0.234,0.234,0.0,31.25,31.25,0.0,0.0,0.0,0.0,0.0,0.0,0.0,0.0,93.75,93.75,0.0,0.0
3.2301,4.904,0.262,1.026,0.0352,walking,0.231,0.231,0.231,0.0,30.86,30.86,0.0,0.0,0.0,0.0,0.0,0.0,0.0,0.0,92.59,92.59,0.0,0.0
3.2634,4.993,0.247,1.051,0.0548,walking,0.229,0.229,0.229,0.0,30.58,30.58,0.0,0.0,0.0,0.0,0.0,0.0,0.0,0.0,91.74,91.74,0.0,0.0
3.2967,5.088,0.283,1.021,0.0545,walking,0.227,0.227,0.227,0.0,30.3,30.3,0.0,0.0,0.0,0.0,0.0,0.0,0.0,0.0,90.91,90.91,0.0,0.0
3.33,5.141,0.259,0.997,0.0253,walking,0.225,0.225,0.225,0.0,29.94,29.94,0.0,0.0,0.0,0.0,0.0,0.0,0.0,0.0,89.82,89.82,0.0,0.0
3.3633,5.246,0.267,1.022,0.0684,walking,0.223,0.223,0.223,0.0,29.67,29.67,0.0,0.0,0.0,0.0,0.0,0.0,0.0,0.0,89.02,89.02,0.0,0.0
3.3966,5.355,0.283,1.031,0.0345,walking,0.221,0.221,0.221,0.0,29.41,29.41,0.0,0.0,0.0,0.0,0.0,0.0,0.0,0.0,88.24,88.24,0.0,0.0
3.4299,5.437,0.274,1.06,0.0578,walking,0.219,0.219,0.219,0.0,29.15,29.15,0.0,0.0,0.0,0.0,0.0,0.0,0.0,0.0,87.46,87.46,0.0,0.0
3.4632,5.53,0.31,1.027,0.0608,walking,0.216,0.216,0.216,0.0,28.82,28.82,0.0,0.0,0.0,0.0,0.0,0.0,0.0,0.0,86.46,86.46,0.0,0.0
3.4965,5.595,0.283,1.014,0.0294,walking,0.214,0.214,0.214,0.0,28.57,28.57,0.0,0.0,0.0,0.0,0.0,0.0,0.0,0.0,85.71,85.71,0.0,0.0
3.5298,5.691,0.295,1.026,0.0689,walking,0.212,0.212,0.212,0.0,28.33,28.33,0.0,0.0,0.0,0.0,0.0,0.0,0.0,0.0,84.99,84.99,0.0,0.0
3.5631,5.787,0.308,1.033,0.0392,walking,0.21,0.21,0.21,0.0,28.01,28.01,0.0,0.0,0.0,0.0,0.0,0.0,0.0,0.0,84.03,84.03,0.0,0.0
3.5964,5.868,0.306,1.054,0.0583,walking,0.208,0.208,0.208,0.0,27.78,27.78,0.0,0.0,0.0,0.0,0.0,0.0,0.0,0.0,83.33,83.33,0.0,0.0
3.6297,5.953,0.342,1.028,0.0636,walking,0.207,0.207,0.207,0.0,27.55,27.55,0.0,0.0,0.0,0.0,0.0,0.0,0.0,0.0,82.64,82.64,0.0,0.0
3.663,5.993,0.321,1.012,0.0392,walking,0.204,0.204,0.204,0.0,27.25,27.25,0.0,0.0,0.0,0.0,0.0,0.0,0.0,0.0,81.74,81.74,0.0,0.0
3.6963,6.093,0.327,1.02,0.0765,walking,0.236,0.236,0.236,0.0,27.03,27.03,0.0,0.0,0.0,0.0,0.0,0.0,0.0,0.0,81.08,108.11,0.0,0.0
3.7296,6.195,0.339,1.028,0.0471,walking,0.235,0.235,0.235,0.0,26.81,26.81,0.0,0.0,0.0,0.0,0.0,0.0,0.0,0.0,80.43,107.24,0.0,0.0
3.7629,6.286,0.333,1.05,0.0674,walking,0.265,0.265,0.265,0.0,26.53,26.53,0.0,0.0,0.0,0.0,0.0,0.0,0.0,0.0,79.58,106.1,0.0,0.0
3.7962,6.389,0.378,1.015,0.0706,walking,0.296,0.296,0.296,0.0,26.32,26.32,0.0,0.0,0.0,0.0,0.0,0.0,0.0,0.0,78.95,105.26,0.0,0.0
3.8295,6.469,0.344,0.996,0.0426,walking,0.294,0.294,0.294,0.0,26.11,26.11,0.0,0.0,0.0,0.0,0.0,0.0,0.0,0.0,78.33,104.44,0.0,0.0
3.8628,6.602,0.371,1.028,0.0909,walking,0.291,0.291,0.291,0.0,25.84,25.84,0.0,0.0,0.0,0.0,0.0,0.0,0.0,0.0,77.52,103.36,0.0,0.0
3.8961,6.749,0.4,1.046,0.047,walking,0.288,0.288,0.288,0.0,25.64,25.64,0.0,0.0,0.0,0.0,0.0,0.0,0.0,0.0,76.92,102.56,0.0,0.0
3.9294,6.884,0.372,1.08,0.0773,walking,0.286,0.286,0.286,0.0,25.45,25.45,0.0,0.0,0.0,0.0,0.0,0.0,0.0,0.0,76.34,101.78,0.0,0.0
3.9627,7.019,0.443,1.051,0.0802,walking,0.283,0.283,0.283,0.0,25.19,25.19,0.0,0.0,0.0,0.0,0.0,0.0,0.0,0.0,75.57,100.76,0.0,0.0
3.996,7.098,0.4,1.029,0.0581,walking,0.281,0.281,0.281,0.0,25.0,25.0,0.0,0.0,0.0,0.0,0.0,0.0,0.0,0.0,75.0,100.0,0.0,0.0
4.0293,7.229,0.435,1.059,0.1031,walking,0.279,0.279,0.279,0.0,24.81,24.81,0.0,0.0,0.0,0.0,0.0,0.0,0.0,0.0,74.44,99.26,0.0,0.0
4.0626,7.367,0.463,1.071,0.0631,walking,0.276,0.276,0.276,0.0,49.14,24.57,0.0,0.0,0.0,0.0,0.0,0.0,0.0,0.0,73.71,98.28,0.0,0.0
4.0959,7.487,0.433,1.089,0.094,walking,0.274,0.274,0.274,0.0,48.78,24.39,0.0,0.0,0.0,0.0,0.0,0.0,0.0,0.0,73.17,97.56,0.0,0.0
4.1292,7.607,0.511,1.058,0.0943,walking,0.305,0.239,0.272,0.053,48.43,24.21,0.0,0.0,0.0,0.0,24.21,0.0,0.0,0.0,72.64,96.85,0.0,0.0
4.1625,7.699,0.46,1.043,0.0513,walking,0.302,0.237,0.27,0.052,47.96,23.98,0.0,0.0,0.0,0.0,23.98,0.0,0.0,0.0,71.94,95.92,0.0,0.0
4.1958,7.82,0.495,1.062,0.0976,walking,0.3,0.236,0.268,0.051,47.62,23.81,0.0,0.0,0.0,0.0,23.81,0.0,0.0,0.0,71.43,95.24,0.0,0.0
4.2291,7.944,0.516,1.077,0.0476,walking,0.297,0.235,0.266,0.05,47.28,23.64,0.0,0.0,0.0,0.0,23.64,0.0,0.0,0.0,70.92,94.56,0.0,0.0
4.2624,8.089,0.476,1.106,0.069,walking,0.294,0.233,0.263,0.049,46.84,23.42,0.0,0.0,0.0,0.0,23.42,0.0,0.0,0.0,70.26,93.68,0.0,0.0
4.2957,8.2,0.549,1.064,0.0593,walking,0.292,0.231,0.262,0.049,46.51,23.26,0.0,0.0,0.0,0.0,23.26,0.0,0.0,0.0,69.77,93.02,0.0,0.0
4.329,8.291,0.498,1.054,0.0288,walking,0.29,0.23,0.26,0.048,46.19,23.09,0.0,0.0,0.0,0.0,23.09,0.0,0.0,0.0,69.28,92.38,0.0,0.0
4.3623,8.405,0.53,1.062,0.0672,walking,0.287,0.228,0.257,0.047,45.77,22.88,0.0,0.0,0.0,0.0,22.88,0.0,0.0,0.0,68.65,91.53,0.0,0.0
4.3956,8.523,0.544,1.075,0.0226,walking,0.285,0.227,0.256,0.046,45.45,22.73,0.0,0.0,0.0,0.0,22.73,0.0,0.0,0.0,68.18,90.91,0.0,0.0
4.4289,8.656,0.506,1.096,0.0424,walking,0.283,0.225,0.254,0.046,45.15,22.57,0.0,0.0,0.0,0.0,22.57,0.0,0.0,0.0,67.72,90.29,0.0,0.0
4.4622,8.771,0.574,1.063,0.0414,walking,0.28,0.224,0.252,0.045,44.74,22.37,0.0,0.0,0.0,0.0,22.37,0.0,0.0,0.0,67.11,89.49,0.0,0.0
4.4955,8.85,0.529,1.051,0.0117,walking,0.278,0.222,0.25,0.044,44.44,22.22,0.0,0.0,0.0,0.0,22.22,0.0,0.0,0.0,66.67,88.89,0.0,0.0
4.5288,8.957,0.555,1.068,0.046,walking,0.276,0.221,0.248,0.044,44.15,22.08,0.0,0.0,0.0,0.0,22.08,0.0,0.0,0.0,66.23,88.3,0.0,0.0
4.5621,9.073,0.571,1.079,0.0055,walking,0.273,0.219,0.246,0.043,43.76,21.88,0.0,0.0,0.0,0.0,21.88,0.0,0.0,0.0,65.65,87.53,0.0,0.0
4.5954,9.196,0.529,1.097,0.0192,walking,0.271,0.218,0.245,0.043,43.48,21.74,0.0,0.0,0.0,0.0,21.74,0.0,0.0,0.0,65.22,86.96,0.0,0.0
4.6287,9.294,0.59,1.058,0.0186,walking,0.269,0.217,0.243,0.042,43.2,21.6,0.0,0.0,0.0,0.0,21.6,0.0,0.0,0.0,64.79,86.39,0.0,0.0
4.662,9.38,0.545,1.043,-0.018,walking,0.267,0.215,0.241,0.041,42.83,21.41,0.0,0.0,0.0,0.0,21.41,0.0,0.0,0.0,64.24,85.65,0.0,0.0
4.6953,9.497,0.562,1.061,0.0259,walking,0.265,0.214,0.239,0.041,42.55,21.28,0.0,0.0,0.0,0.0,21.28,0.0,0.0,0.0,63.83,85.11,0.0,0.0
4.7286,9.61,0.573,1.071,-0.0144,walking,0.263,0.213,0.238,0.04,42.28,21.14,0.0,0.0,0.0,0.0,21.14,0.0,0.0,0.0,63.42,84.57,0.0,0.0
4.7619,9.73,0.539,1.09,0.0071,walking,0.261,0.211,0.236,0.04,41.93,20.96,0.0,0.0,0.0,0.0,20.96,0.0,0.0,0.0,62.89,83.86,0.0,0.0
4.7952,9.827,0.594,1.052,0.0069,walking,0.259,0.21,0.234,0.039,41.67,20.83,0.0,0.0,0.0,0.0,20.83,0.0,0.0,0.0,62.5,83.33,0.0,0.0
4.8285,9.899,0.551,1.04,-0.0303,walking,0.257,0.209,0.233,0.039,41.41,20.7,0.0,0.0,0.0,0.0,20.7,0.0,0.0,0.0,62.11,82.82,0.0,0.0
4.8618,10.012,0.563,1.057,0.0116,walking,0.255,0.207,0.231,0.038,41.07,20.53,0.0,0.0,0.0,0.0,20.53,0.0,0.0,0.0,61.6,82.14,0.0,0.0
4.8951,10.114,0.572,1.057,-0.0245,walking,0.253,0.206,0.23,0.037,40.82,20.41,0.0,0.0,0.0,0.0,20.41,0.0,0.0,0.0,61.22,81.63,0.0,0.0
4.9284,10.222,0.543,1.077,-0.0107,walking,0.251,0.205,0.228,0.037,40.57,20.28,0.0,0.0,0.0,0.0,20.28,0.0,0.0,0.0,60.85,81.14,0.0,0.0
4.9617,10.316,0.585,1.037,-0.0054,walking,0.249,0.204,0.226,0.036,40.24,20.12,0.0,0.0,0.0,0.0,20.12,0.0,0.0,0.0,60.36,80.48,0.0,0.0
4.995,10.384,0.55,1.025,-0.042,walking,0.247,0.202,0.225,0.036,40.0,20.0,0.0,0.0,0.0,0.0,20.0,0.0,0.0,0.0,60.0,80.0,0.0,0.0
5.0283,10.491,0.554,1.041,-0.0031,walking,0.247,0.202,0.225,0.036,40.0,20.0,0.0,0.0,0.0,0.0,20.0,0.0,0.0,0.0,60.0,80.0,0.0,0.0
5.0616,10.592,0.561,1.04,-0.0403,walking,0.259,0.191,0.225,0.054,40.0,20.0,0.0,0.0,0.0,0.0,20.0,0.0,20.0,0.0,60.0,80.0,0.0,0.0
5.0949,10.693,0.529,1.064,-0.0272,walking,0.259,0.191,0.225,0.054,40.0,20.0,0.0,0.0,0.0,0.0,20.0,0.0,20.0,0.0,60.0,80.0,0.0,0.0
5.1282,10.778,0.567,1.02,-0.0266,walking,0.259,0.191,0.225,0.054,40.0,20.0,0.0,0.0,0.0,0.0,20.0,0.0,20.0,0.0,60.0,80.0,0.0,0.0
5.1615,10.842,0.533,1.017,-0.0625,walking,0.259,0.191,0.225,0.054,40.0,20.0,0.0,0.0,0.0,0.0,20.0,0.0,20.0,0.0,60.0,80.0,0.0,0.0
5.1948,10.954,0.531,1.032,-0.027,walking,0.259,0.191,0.225,0.054,40.0,20.0,0.0,0.0,0.0,0.0,20.0,0.0,20.0,0.0,60.0,80.0,0.0,0.0
5.2281,11.055,0.539,1.039,-0.0647,walking,0.259,0.191,0.225,0.054,40.0,20.0,0.0,0.0,0.0,0.0,20.0,0.0,20.0,0.0,60.0,80.0,0.0,0.0
5.2614,11.154,0.501,1.055,-0.0543,walking,0.259,0.191,0.225,0.054,40.0,20.0,0.0,0.0,0.0,0.0,20.0,0.0,20.0,0.0,60.0,80.0,0.0,0.0
5.2947,11.233,0.533,1.016,-0.0504,walking,0.259,0.191,0.225,0.054,40.0,20.0,0.0,0.0,0.0,0.0,20.0,0.0,20.0,0.0,60.0,80.0,0.0,0.0
5.328,11.295,0.498,1.01,-0.0854,walking,0.259,0.191,0.225,0.054,40.0,20.0,0.0,0.0,0.0,0.0,20.0,0.0,20.0,0.0,60.0,80.0,0.0,0.0
5.3613,11.398,0.5,1.022,-0.0551,walking,0.259,0.191,0.225,0.054,40.0,20.0,0.0,0.0,0.0,0.0,20.0,0.0,20.0,0.0,60.0,80.0,0.0,0.0
5.3946,11.48,0.503,1.022,-0.0937,walking,0.259,0.191,0.225,0.054,40.0,20.0,0.0,0.0,0.0,0.0,20.0,0.0,20.0,0.0,60.0,80.0,0.0,0.0
5.4279,11.569,0.471,1.044,-0.0791,walking,0.259,0.191,0.225,0.054,40.0,20.0,0.0,0.0,0.0,0.0,20.0,0.0,20.0,0.0,60.0,80.0,0.0,0.0
5.4612,11.646,0.498,1.002,-0.0784,walking,0.259,0.191,0.225,0.054,40.0,20.0,0.0,0.0,0.0,0.0,20.0,0.0,20.0,0.0,60.0,80.0,0.0,0.0
5.4945,11.701,0.467,1.002,-0.1129,walking,0.259,0.191,0.225,0.054,40.0,20.0,0.0,0.0,0.0,0.0,20.0,0.0,20.0,0.0,60.0,80.0,0.0,0.0
5.5278,11.811,0.463,1.016,-0.0799,walking,0.259,0.191,0.225,0.054,40.0,20.0,0.0,0.0,0.0,0.0,20.0,0.0,20.0,0.0,60.0,80.0,0.0,0.0
5.5611,11.89,0.463,1.018,-0.1131,walking,0.259,0.191,0.225,0.054,40.0,20.0,0.0,0.0,0.0,0.0,20.0,0.0,20.0,0.0,60.0,80.0,0.0,0.0
5.5944,11.988,0.426,1.044,-0.1023,walking,0.259,0.191,0.225,0.054,40.0,20.0,0.0,0.0,0.0,0.0,20.0,0.0,20.0,0.0,60.0,80.0,0.0,0.0
5.6277,12.076,0.452,1.004,-0.0954,walking,0.259,0.191,0.225,0.054,40.0,20.0,0.0,0.0,0.0,0.0,20.0,0.0,20.0,0.0,60.0,80.0,0.0,0.0
5.661,12.132,0.421,1.0,-0.1365,walking,0.259,0.191,0.225,0.054,40.0,20.0,0.0,0.0,0.0,0.0,20.0,0.0,20.0,0.0,60.0,80.0,0.0,0.0
5.6943,12.238,0.413,1.014,-0.1037,walking,0.287,0.212,0.25,0.06,40.0,20.0,0.0,0.0,0.0,0.0,20.0,0.0,20.0,0.0,60.0,100.0,0.0,0.0
5.7276,12.334,0.407,1.019,-0.1445,walking,0.287,0.212,0.25,0.06,40.0,20.0,0.0,0.0,0.0,0.0,20.0,0.0,20.0,0.0,60.0,100.0,0.0,0.0
5.7609,12.444,0.363,1.045,-0.1333,walking,0.287,0.212,0.25,0.06,40.0,20.0,0.0,0.0,0.0,0.0,20.0,0.0,20.0,0.0,60.0,100.0,0.0,0.0
5.7942,12.541,0.397,1.008,-0.1303,walking,0.287,0.212,0.25,0.06,40.0,20.0,0.0,0.0,0.0,0.0,20.0,0.0,20.0,0.0,60.0,100.0,0.0,0.0
5.8275,12.632,0.334,1.022,-0.1728,walking,0.287,0.212,0.25,0.06,40.0,20.0,0.0,0.0,0.0,0.0,20.0,0.0,20.0,0.0,60.0,100.0,0.0,0.0
5.8608,12.752,0.321,1.037,-0.1362,walking,0.259,0.191,0.225,0.054,40.0,20.0,0.0,0.0,0.0,0.0,20.0,0.0,20.0,0.0,40.0,100.0,0.0,0.0
5.8941,12.866,0.32,1.046,-0.181,walking,0.259,0.191,0.225,0.054,40.0,20.0,0.0,0.0,0.0,0.0,20.0,0.0,20.0,0.0,40.0,100.0,0.0,0.0
5.9274,12.969,0.268,1.068,-0.1698,walking,0.259,0.191,0.225,0.054,40.0,20.0,0.0,0.0,0.0,0.0,20.0,0.0,20.0,0.0,40.0,100.0,0.0,0.0
5.9607,13.065,0.297,1.029,-0.1654,walking,0.259,0.191,0.225,0.054,40.0,20.0,0.0,0.0,0.0,0.0,20.0,0.0,20.0,0.0,40.0,100.0,0.0,0.0
5.994,13.135,0.245,1.028,-0.2044,walking,0.259,0.191,0.225,0.054,60.0,20.0,0.0,0.0,0.0,0.0,20.0,0.0,20.0,0.0,40.0,100.0,0.0,0.0
6.0273,13.245,0.233,1.042,-0.1728,walking,0.259,0.191,0.225,0.054,60.0,40.0,0.0,0.0,0.0,0.0,20.0,0.0,20.0,0.0,40.0,100.0,0.0,0.0
6.0606,13.338,0.227,1.048,-0.2069,walking,0.259,0.191,0.225,0.054,60.0,40.0,0.0,0.0,0.0,0.0,20.0,0.0,20.0,0.0,40.0,100.0,0.0,0.0
6.0939,13.434,0.175,1.061,-0.1943,walking,0.259,0.191,0.225,0.054,60.0,40.0,0.0,0.0,0.0,0.0,20.0,0.0,20.0,0.0,40.0,100.0,0.0,0.0
6.1272,13.531,0.202,1.026,-0.188,walking,0.259,0.191,0.225,0.054,60.0,40.0,0.0,0.0,0.0,0.0,20.0,0.0,20.0,0.0,40.0,100.0,0.0,0.0
6.1605,13.579,0.161,1.012,-0.2271,walking,0.259,0.191,0.225,0.054,60.0,40.0,0.0,0.0,0.0,0.0,20.0,0.0,20.0,0.0,40.0,100.0,0.0,0.0
6.1938,13.685,0.141,1.029,-0.1958,walking,0.259,0.191,0.225,0.054,60.0,40.0,0.0,0.0,0.0,0.0,20.0,0.0,20.0,0.0,40.0,100.0,0.0,0.0
6.2271,13.775,0.133,1.044,-0.2343,walking,0.259,0.191,0.225,0.054,60.0,40.0,0.0,0.0,0.0,0.0,20.0,0.0,20.0,0.0,40.0,100.0,0.0,0.0
6.2604,13.877,0.077,1.062,-0.2219,walking,0.287,0.212,0.25,0.06,60.0,40.0,0.0,0.0,0.0,0.0,20.0,0.0,20.0,0.0,40.0,120.0,0.0,0.0
6.2937,13.979,0.105,1.021,-0.2199,walking,0.259,0.191,0.225,0.054,60.0,40.0,0.0,0.0,0.0,0.0,20.0,0.0,20.0,0.0,40.0,100.0,0.0,0.0
6.327,14.042,0.047,1.024,-0.2579,walking,0.259,0.191,0.225,0.054,60.0,40.0,0.0,0.0,0.0,0.0,20.0,0.0,20.0,0.0,40.0,100.0,0.0,0.0
6.3603,14.151,0.023,1.042,-0.2276,walking,0.259,0.191,0.225,0.054,60.0,40.0,0.0,0.0,0.0,0.0,20.0,0.0,20.0,0.0,40.0,100.0,0.0,0.0
6.3936,14.24,0.005,1.053,-0.2645,walking,0.259,0.191,0.225,0.054,60.0,40.0,0.0,0.0,0.0,0.0,20.0,0.0,20.0,0.0,40.0,100.0,0.0,0.0
6.4269,14.339,-0.055,1.06,-0.252,walking,0.259,0.191,0.225,0.054,60.0,40.0,0.0,0.0,0.0,0.0,20.0,0.0,20.0,0.0,40.0,100.0,0.0,0.0
6.4602,14.432,-0.034,1.022,-0.243,walking,0.259,0.191,0.225,0.054,60.0,40.0,0.0,0.0,0.0,0.0,20.0,0.0,20.0,0.0,40.0,100.0,0.0,0.0
6.4935,14.483,-0.073,1.018,-0.2838,walking,0.259,0.191,0.225,0.054,60.0,40.0,0.0,0.0,0.0,0.0,20.0,0.0,20.0,0.0,40.0,100.0,0.0,0.0
6.5268,14.595,-0.105,1.041,-0.2475,walking,0.236,0.214,0.225,0.018,60.0,40.0,0.0,0.0,0.0,0.0,20.0,20.0,20.0,0.0,40.0,100.0,0.0,0.0
6.5601,14.697,-0.114,1.054,-0.2831,walking,0.236,0.214,0.225,0.018,60.0,40.0,0.0,0.0,0.0,0.0,20.0,20.0,20.0,0.0,40.0,100.0,0.0,0.0
6.5934,14.794,-0.172,1.063,-0.269,walking,0.236,0.214,0.225,0.018,60.0,40.0,0.0,0.0,0.0,0.0,20.0,20.0,20.0,0.0,40.0,100.0,0.0,0.0
6.6267,14.887,-0.154,1.03,-0.251,walking,0.236,0.214,0.225,0.018,60.0,40.0,0.0,0.0,0.0,0.0,20.0,20.0,20.0,0.0,40.0,100.0,0.0,0.0
6.66,14.949,-0.2,1.02,-0.2892,walking,0.236,0.214,0.225,0.018,60.0,40.0,0.0,0.0,0.0,0.0,20.0,20.0,20.0,0.0,40.0,100.0,0.0,0.0
6.6933,15.055,-0.227,1.044,-0.2511,walking,0.236,0.214,0.225,0.018,60.0,40.0,0.0,0.0,0.0,0.0,20.0,20.0,20.0,0.0,40.0,100.0,0.0,0.0
6.7266,15.125,-0.275,1.067,-0.3517,escape,1.5,-0.5,0.5,0.8,80.0,60.0,0.0,0.0,0.0,0.0,20.0,20.0,20.0,0.0,40.0,100.0,0.0,0.0
6.7599,15.537,-0.349,1.085,-0.4075,escape,1.5,-0.5,0.5,0.8,80.0,60.0,0.0,0.0,0.0,0.0,20.0,20.0,20.0,0.0,40.0,100.0,0.0,0.0
6.7932,15.508,-0.117,0.901,-0.4681,escape,1.5,-0.5,0.5,0.8,80.0,60.0,0.0,0.0,0.0,0.0,20.0,20.0,20.0,0.0,20.0,100.0,0.0,0.0
6.8265,15.874,-0.799,0.877,-0.8573,escape,1.5,-0.163,0.668,0.8,80.0,60.0,0.0,0.0,0.0,0.0,20.0,20.0,20.0,0.0,20.0,100.0,0.0,0.0
6.8598,16.224,-0.792,0.883,-0.8138,escape,1.5,-0.163,0.668,0.8,80.0,60.0,0.0,0.0,0.0,0.0,40.0,20.0,40.0,0.0,20.0,100.0,0.0,0.0
6.8931,16.189,-0.959,1.006,-1.1564,escape,1.5,-0.163,0.668,0.8,80.0,60.0,0.0,0.0,0.0,0.0,40.0,20.0,40.0,0.0,20.0,80.0,0.0,0.0
6.9264,16.367,-1.696,0.986,-1.3169,escape,1.5,-0.36,0.57,0.8,80.0,60.0,0.0,0.0,0.0,0.0,40.0,20.0,40.0,0.0,20.0,80.0,0.0,0.0
6.9597,16.597,-1.683,0.842,-1.4176,escape,1.5,-0.36,0.57,0.8,80.0,60.0,0.0,0.0,0.0,0.0,40.0,20.0,40.0,0.0,20.0,80.0,0.0,0.0
6.993,16.255,-2.135,0.863,-1.7574,escape,1.5,-0.36,0.57,0.8,80.0,60.0,0.0,0.0,0.0,0.0,40.0,20.0,40.0,0.0,20.0,80.0,0.0,0.0
7.0263,16.334,-2.582,0.921,-1.7037,escape,1.5,-0.5,0.5,0.8,80.0,60.0,0.0,0.0,0.0,0.0,40.0,20.0,40.0,0.0,20.0,80.0,0.0,0.0
7.0596,16.232,-2.529,1.044,-2.0534,escape,1.5,-0.5,0.5,0.8,80.0,60.0,0.0,0.0,0.0,0.0,40.0,20.0,40.0,0.0,20.0,80.0,0.0,0.0
7.0929,15.612,-3.13,0.924,-2.2869,escape,1.5,-0.5,0.5,0.8,80.0,60.0,0.0,0.0,0.0,0.0,40.0,20.0,40.0,0.0,20.0,80.0,0.0,0.0
7.1262,15.645,-3.435,0.888,-2.2649,escape,1.5,0.45,0.975,0.8,80.0,60.0,0.0,0.0,0.0,0.0,40.0,20.0,40.0,0.0,20.0,80.0,0.0,0.0
7.1595,15.297,-3.621,1.1,-2.4458,escape,1.5,0.45,0.975,0.8,80.0,60.0,0.0,0.0,0.0,0.0,40.0,20.0,40.0,0.0,20.0,80.0,0.0,0.0
7.1928,14.787,-3.923,1.058,-2.3798,escape,1.5,0.45,0.975,0.8,80.0,60.0,0.0,0.0,0.0,0.0,40.0,20.0,40.0,0.0,20.0,80.0,0.0,0.0
7.2261,14.655,-4.244,1.041,-2.5302,escape,1.5,0.571,1.0,0.744,80.0,60.0,0.0,0.0,0.0,0.0,40.0,20.0,40.0,0.0,20.0,80.0,0.0,0.0
7.2594,13.902,-4.267,1.095,-2.7639,escape,1.5,0.571,1.0,0.744,80.0,60.0,0.0,0.0,0.0,0.0,40.0,20.0,40.0,0.0,20.0,80.0,0.0,0.0
7.2927,13.645,-4.582,1.006,-2.7405,escape,1.5,0.571,1.0,0.744,80.0,60.0,0.0,0.0,0.0,0.0,40.0,20.0,40.0,0.0,20.0,80.0,0.0,0.0
7.326,13.226,-4.672,1.096,-2.9889,escape,1.434,1.166,1.0,0.215,80.0,60.0,0.0,0.0,0.0,0.0,40.0,20.0,40.0,0.0,20.0,80.0,0.0,0.0
7.3593,12.517,-4.692,1.152,-2.8465,escape,1.434,1.166,1.0,0.215,80.0,60.0,0.0,0.0,0.0,0.0,40.0,20.0,40.0,0.0,20.0,80.0,0.0,0.0
7.3926,12.051,-5.045,1.09,-2.9121,escape,1.434,1.166,1.0,0.215,80.0,80.0,0.0,0.0,0.0,0.0,40.0,20.0,40.0,0.0,20.0,80.0,0.0,0.0
7.4259,11.297,-4.784,1.037,-3.0332,escape,0.756,1.5,1.0,-0.595,100.0,80.0,0.0,0.0,0.0,0.0,40.0,20.0,40.0,0.0,20.0,80.0,0.0,0.0
7.4592,10.923,-5.091,1.124,-2.8346,escape,0.756,1.5,1.0,-0.595,100.0,80.0,0.0,0.0,0.0,0.0,40.0,20.0,40.0,0.0,20.0,80.0,0.0,0.0
7.4925,10.237,-5.314,1.1,-2.9922,escape,0.756,1.5,1.0,-0.595,100.0,80.0,0.0,0.0,0.0,0.0,40.0,20.0,40.0,0.0,0.0,80.0,0.0,0.0
7.5258,9.814,-5.36,1.236,-2.7688,escape,0.044,1.5,0.772,-0.8,100.0,80.0,0.0,0.0,0.0,0.0,40.0,20.0,40.0,0.0,0.0,100.0,0.0,0.0
7.5591,9.267,-5.929,1.055,-2.577,escape,0.044,1.5,0.772,-0.8,100.0,80.0,0.0,0.0,0.0,0.0,40.0,20.0,40.0,0.0,0.0,100.0,0.0,0.0
7.5924,9.003,-5.775,0.892,-2.5169,escape,0.044,1.5,0.772,-0.8,100.0,80.0,0.0,0.0,0.0,0.0,40.0,20.0,40.0,0.0,0.0,100.0,0.0,0.0
7.6257,8.946,-6.023,0.987,-2.4967,escape,1.5,-0.5,0.5,0.8,100.0,80.0,0.0,0.0,0.0,0.0,40.0,20.0,40.0,0.0,0.0,100.0,0.0,0.0
7.659,9.051,-5.912,1.22,-2.5724,escape,1.5,-0.5,0.5,0.8,100.0,80.0,0.0,0.0,0.0,0.0,40.0,20.0,40.0,0.0,0.0,100.0,0.0,0.0
7.6923,8.562,-5.755,0.89,-2.7675,escape,1.5,-0.5,0.5,0.8,100.0,80.0,0.0,0.0,0.0,0.0,40.0,20.0,40.0,0.0,0.0,100.0,0.0,0.0
7.7256,8.546,-6.059,0.812,-2.8023,escape,1.5,0.671,1.0,0.663,100.0,80.0,0.0,0.0,0.0,0.0,40.0,20.0,40.0,0.0,0.0,100.0,0.0,0.0
7.7589,8.132,-6.056,1.07,-2.9536,escape,1.5,0.671,1.0,0.663,100.0,80.0,0.0,0.0,0.0,0.0,40.0,20.0,40.0,0.0,0.0,100.0,0.0,0.0
7.7922,7.497,-6.102,1.051,-2.9227,escape,1.5,0.671,1.0,0.663,100.0,80.0,0.0,0.0,0.0,0.0,40.0,20.0,40.0,0.0,0.0,100.0,0.0,0.0
7.8255,7.352,-5.701,1.007,-2.872,escape,-0.012,1.5,0.744,-0.8,100.0,80.0,0.0,0.0,0.0,0.0,40.0,20.0,40.0,0.0,0.0,100.0,0.0,0.0
7.8588,7.154,-5.825,0.902,-2.7392,escape,-0.012,1.5,0.744,-0.8,100.0,80.0,0.0,0.0,0.0,0.0,40.0,20.0,40.0,0.0,0.0,100.0,0.0,0.0
7.8921,6.76,-6.193,1.035,-2.5148,escape,-0.012,1.5,0.744,-0.8,100.0,80.0,0.0,0.0,0.0,0.0,40.0,20.0,40.0,0.0,0.0,100.0,0.0,0.0
7.9254,6.898,-6.251,0.975,-2.5909,escape,1.5,-0.5,0.5,0.8,100.0,80.0,0.0,0.0,0.0,0.0,40.0,20.0,40.0,0.0,0.0,100.0,0.0,0.0
7.9587,6.49,-6.332,0.991,-2.802,escape,1.5,-0.5,0.5,0.8,100.0,80.0,0.0,0.0,0.0,0.0,40.0,20.0,40.0,0.0,0.0,100.0,0.0,0.0
7.992,6.69,-6.703,0.843,-2.8073,escape,1.5,-0.5,0.5,0.8,100.0,80.0,0.0,0.0,0.0,0.0,40.0,20.0,40.0,0.0,0.0,100.0,0.0,0.0
8.0253,6.238,-6.84,1.084,-2.847,escape,0.554,1.5,1.0,-0.757,100.0,80.0,0.0,0.0,0.0,0.0,40.0,20.0,40.0,0.0,0.0,100.0,0.0,0.0
8.0586,5.692,-6.689,1.055,-2.897,escape,0.554,1.5,1.0,-0.757,100.0,80.0,0.0,0.0,0.0,0.0,40.0,20.0,40.0,0.0,0.0,100.0,0.0,0.0
8.0919,5.336,-7.147,1.125,-2.7211,escape,0.554,1.5,1.0,-0.757,100.0,60.0,0.0,0.0,0.0,0.0,40.0,20.0,40.0,0.0,0.0,100.0,0.0,0.0
8.1252,4.886,-7.239,1.081,-2.8589,escape,1.5,0.757,1.0,0.595,80.0,60.0,0.0,0.0,0.0,0.0,40.0,20.0,40.0,0.0,0.0,100.0,0.0,0.0
8.1585,4.372,-7.406,1.126,-2.6868,escape,1.5,0.757,1.0,0.595,80.0,60.0,0.0,0.0,0.0,0.0,40.0,20.0,40.0,0.0,0.0,100.0,0.0,0.0
8.1918,3.918,-7.65,1.138,-2.7979,escape,1.5,0.757,1.0,0.595,80.0,60.0,0.0,0.0,0.0,0.0,40.0,20.0,40.0,0.0,0.0,80.0,0.0,0.0
8.2251,3.384,-7.535,1.109,-2.9313,escape,0.465,1.5,0.983,-0.8,80.0,60.0,0.0,0.0,0.0,0.0,40.0,20.0,40.0,0.0,0.0,80.0,0.0,0.0
8.2584,3.149,-7.916,1.088,-2.7387,escape,0.465,1.5,0.983,-0.8,80.0,60.0,0.0,0.0,0.0,0.0,40.0,20.0,40.0,0.0,0.0,80.0,0.0,0.0
8.2917,2.58,-8.025,1.04,-2.8314,escape,0.465,1.5,0.983,-0.8,80.0,60.0,0.0,0.0,0.0,0.0,40.0,20.0,40.0,0.0,0.0,80.0,0.0,0.0
8.325,2.149,-8.152,1.127,-2.6535,escape,1.5,0.294,0.897,0.8,80.0,60.0,0.0,0.0,0.0,0.0,40.0,20.0,40.0,0.0,0.0,80.0,0.0,0.0
8.3583,1.798,-8.399,1.142,-2.7506,escape,1.5,0.294,0.897,0.8,80.0,60.0,0.0,0.0,0.0,0.0,40.0,20.0,40.0,0.0,0.0,80.0,0.0,0.0
8.3916,1.177,-8.227,1.098,-2.9212,escape,1.5,0.294,0.897,0.8,80.0,60.0,0.0,0.0,0.0,0.0,40.0,20.0,40.0,0.0,0.0,80.0,0.0,0.0
8.4249,0.908,-8.514,1.028,-2.9035,escape,0.567,1.5,1.0,-0.747,80.0,60.0,0.0,0.0,0.0,0.0,40.0,20.0,40.0,0.0,0.0,80.0,0.0,0.0
8.4582,0.453,-8.536,1.052,-3.0182,escape,0.567,1.5,1.0,-0.747,80.0,60.0,0.0,0.0,0.0,0.0,40.0,20.0,40.0,0.0,0.0,80.0,0.0,0.0
8.4915,0.063,-8.608,1.173,-2.8086,escape,0.567,1.5,1.0,-0.747,80.0,60.0,0.0,0.0,0.0,0.0,40.0,20.0,40.0,0.0,0.0,80.0,0.0,0.0
8.5248,-0.64,-9.084,1.125,-2.8764,escape,1.5,0.782,1.0,0.575,80.0,60.0,0.0,0.0,0.0,0.0,40.0,20.0,40.0,0.0,0.0,80.0,0.0,0.0
8.5581,-1.218,-8.856,1.12,-2.9446,escape,1.5,0.782,1.0,0.575,80.0,60.0,0.0,0.0,0.0,0.0,40.0,20.0,40.0,0.0,0.0,80.0,0.0,0.0
8.5914,-1.552,-9.236,1.028,-2.844,escape,1.5,0.782,1.0,0.575,80.0,60.0,0.0,0.0,0.0,0.0,40.0,20.0,40.0,0.0,0.0,80.0,0.0,0.0
8.6247,-2.05,-9.25,1.102,-3.0704,escape,1.037,1.5,1.0,-0.37,80.0,60.0,0.0,0.0,0.0,0.0,40.0,20.0,40.0,0.0,0.0,80.0,0.0,0.0
8.658,-2.654,-9.279,1.206,-2.8815,escape,1.037,1.5,1.0,-0.37,80.0,60.0,0.0,0.0,0.0,0.0,40.0,20.0,40.0,0.0,0.0,80.0,0.0,0.0
8.6913,-3.369,-9.71,1.174,-3.0171,escape,1.037,1.5,1.0,-0.37,80.0,60.0,0.0,0.0,0.0,0.0,40.0,20.0,40.0,0.0,0.0,60.0,0.0,0.0
8.7246,-3.837,-9.491,1.013,-3.0885,escape,0.044,1.5,0.772,-0.8,80.0,60.0,0.0,0.0,0.0,0.0,40.0,20.0,40.0,0.0,0.0,60.0,0.0,0.0
8.7579,-4.045,-9.715,1.105,-2.874,escape,0.044,1.5,0.772,-0.8,80.0,60.0,0.0,0.0,0.0,0.0,40.0,20.0,40.0,0.0,0.0,60.0,0.0,0.0
8.7912,-4.574,-9.773,1.048,-2.8643,escape,0.044,1.5,0.772,-0.8,80.0,60.0,0.0,0.0,0.0,0.0,40.0,20.0,40.0,0.0,0.0,60.0,0.0,0.0
8.8245,-4.902,-9.865,1.135,-2.6313,escape,1.442,1.158,1.0,0.228,80.0,60.0,0.0,0.0,0.0,0.0,40.0,20.0,40.0,0.0,0.0,60.0,0.0,0.0
8.8578,-5.432,-10.272,1.096,-2.643,escape,1.442,1.158,1.0,0.228,80.0,60.0,0.0,0.0,0.0,0.0,40.0,20.0,40.0,0.0,0.0,60.0,0.0,0.0
8.8911,-6.183,-10.179,1.104,-2.7515,escape,1.442,1.158,1.0,0.228,80.0,60.0,0.0,0.0,0.0,0.0,40.0,20.0,40.0,0.0,0.0,60.0,0.0,0.0
8.9244,-6.446,-10.675,1.097,-2.5704,escape,0.877,1.5,1.0,-0.498,80.0,60.0,0.0,0.0,0.0,0.0,40.0,20.0,40.0,0.0,0.0,60.0,0.0,0.0
8.9577,-6.94,-10.863,1.092,-2.7281,escape,0.877,1.5,1.0,-0.498,80.0,80.0,0.0,0.0,0.0,0.0,40.0,20.0,40.0,0.0,0.0,60.0,0.0,0.0
8.991,-7.384,-11.076,1.205,-2.506,escape,0.877,1.5,1.0,-0.498,80.0,80.0,0.0,0.0,0.0,0.0,40.0,20.0,40.0,0.0,0.0,60.0,0.0,0.0
9.0243,-8.013,-11.795,1.092,-2.456,escape,0.276,1.5,0.888,-0.8,80.0,80.0,0.0,0.0,0.0,0.0,40.0,20.0,40.0,0.0,0.0,60.0,0.0,0.0
9.0576,-8.377,-11.714,0.99,-2.4573,escape,0.276,1.5,0.888,-0.8,60.0,80.0,0.0,0.0,0.0,0.0,40.0,20.0,40.0,0.0,0.0,60.0,0.0,0.0
9.0909,-8.408,-12.306,1.097,-2.1315,escape,0.276,1.5,0.888,-0.8,60.0,80.0,0.0,0.0,0.0,0.0,40.0,20.0,40.0,0.0,0.0,60.0,0.0,0.0
9.1242,-8.706,-12.626,0.994,-2.1528,escape,0.372,1.5,0.936,-0.8,80.0,80.0,0.0,0.0,0.0,0.0,20.0,20.0,40.0,0.0,0.0,60.0,0.0,0.0
9.1575,-8.781,-12.86,1.13,-1.8943,escape,0.372,1.5,0.936,-0.8,80.0,80.0,0.0,0.0,0.0,0.0,20.0,20.0,40.0,0.0,0.0,60.0,0.0,0.0
9.1908,-8.929,-13.683,1.071,-1.7986,escape,0.372,1.5,0.936,-0.8,80.0,80.0,0.0,0.0,0.0,0.0,20.0,20.0,40.0,0.0,0.0,60.0,0.0,0.0
9.2241,-9.247,-13.904,0.92,-1.7708,escape,0.528,1.5,1.0,-0.777,80.0,80.0,0.0,0.0,0.0,0.0,20.0,20.0,40.0,0.0,0.0,60.0,0.0,0.0
9.2574,-8.943,-14.334,1.132,-1.5115,escape,0.528,1.5,1.0,-0.777,80.0,80.0,0.0,0.0,0.0,0.0,20.0,20.0,40.0,0.0,0.0,60.0,0.0,0.0
9.2907,-9.016,-14.831,1.066,-1.5482,escape,0.528,1.5,1.0,-0.777,80.0,80.0,0.0,0.0,0.0,0.0,20.0,20.0,40.0,0.0,0.0,60.0,0.0,0.0
9.324,-9.006,-15.246,1.133,-1.3228,escape,1.5,0.965,1.0,0.428,80.0,80.0,0.0,0.0,0.0,0.0,20.0,20.0,40.0,0.0,0.0,60.0,0.0,0.0
9.3573,-8.68,-15.937,1.143,-1.3591,escape,1.5,0.965,1.0,0.428,80.0,80.0,0.0,0.0,0.0,0.0,20.0,20.0,40.0,0.0,0.0,60.0,0.0,0.0
9.3906,-8.953,-16.478,1.111,-1.5101,escape,1.5,0.965,1.0,0.428,80.0,80.0,0.0,0.0,0.0,0.0,20.0,20.0,40.0,0.0,0.0,60.0,0.0,0.0
9.4239,-8.617,-16.897,1.032,-1.3633,escape,1.495,1.105,1.0,0.312,80.0,80.0,0.0,0.0,0.0,0.0,20.0,20.0,40.0,0.0,0.0,60.0,0.0,0.0
9.4572,-8.65,-17.401,1.155,-1.6141,escape,1.495,1.105,1.0,0.312,80.0,80.0,0.0,0.0,0.0,0.0,20.0,20.0,40.0,0.0,0.0,60.0,0.0,0.0
9.4905,-8.654,-18.172,1.108,-1.4583,escape,1.495,1.105,1.0,0.312,80.0,80.0,0.0,0.0,0.0,0.0,20.0,20.0,40.0,0.0,0.0,60.0,0.0,0.0
9.5238,-8.418,-18.773,1.057,-1.5193,escape,1.19,1.41,1.0,-0.175,80.0,80.0,0.0,0.0,0.0,0.0,20.0,20.0,40.0,0.0,0.0,60.0,0.0,0.0
9.5571,-8.767,-19.3,1.081,-1.6484,escape,1.19,1.41,1.0,-0.175,80.0,80.0,0.0,0.0,0.0,0.0,20.0,20.0,40.0,0.0,0.0,60.0,0.0,0.0
9.5904,-8.457,-19.784,1.081,-1.4639,escape,1.19,1.41,1.0,-0.175,80.0,80.0,0.0,0.0,0.0,0.0,20.0,20.0,40.0,0.0,0.0,60.0,0.0,0.0
9.6237,-8.499,-20.323,1.065,-1.6476,escape,1.061,1.5,1.0,-0.351,80.0,80.0,0.0,0.0,0.0,0.0,20.0,20.0,40.0,0.0,0.0,60.0,0.0,0.0
9.657,-8.55,-20.893,1.195,-1.4394,escape,1.061,1.5,1.0,-0.351,80.0,80.0,0.0,0.0,0.0,0.0,20.0,20.0,40.0,0.0,0.0,60.0,0.0,0.0
9.6903,-8.146,-21.834,1.092,-1.4428,escape,1.061,1.5,1.0,-0.351,80.0,80.0,0.0,0.0,0.0,0.0,20.0,20.0,40.0,0.0,0.0,60.0,0.0,0.0
9.7236,-8.588,-22.344,1.104,-1.4978,escape,1.101,1.499,1.0,-0.318,80.0,80.0,0.0,0.0,0.0,0.0,20.0,20.0,40.0,0.0,0.0,60.0,0.0,0.0
9.7569,-8.34,-22.844,1.109,-1.163,escape,1.101,1.499,1.0,-0.318,80.0,80.0,0.0,0.0,0.0,0.0,20.0,20.0,40.0,0.0,0.0,60.0,0.0,0.0
9.7902,-8.008,-23.501,1.083,-1.2919,escape,1.101,1.499,1.0,-0.318,100.0,80.0,0.0,0.0,0.0,0.0,20.0,20.0,40.0,0.0,0.0,60.0,0.0,0.0
9.8235,-7.833,-24.005,1.174,-1.2462,escape,1.5,-0.5,0.5,0.8,100.0,80.0,0.0,0.0,0.0,0.0,20.0,20.0,40.0,0.0,0.0,60.0,0.0,0.0
9.8568,-7.783,-23.875,0.989,-1.3461,escape,1.5,-0.5,0.5,0.8,100.0,100.0,0.0,0.0,0.0,0.0,20.0,20.0,40.0,0.0,0.0,60.0,0.0,0.0
9.8901,-8.192,-24.737,0.826,-1.7585,escape,1.5,-0.5,0.5,0.8,100.0,100.0,0.0,0.0,0.0,0.0,20.0,20.0,40.0,0.0,0.0,60.0,0.0,0.0
9.9234,-8.096,-24.982,1.04,-1.5857,escape,0.493,1.5,0.997,-0.8,100.0,100.0,0.0,0.0,0.0,0.0,20.0,20.0,40.0,0.0,0.0,60.0,0.0,0.0
9.9567,-8.08,-25.602,1.053,-1.6158,escape,0.493,1.5,0.997,-0.8,100.0,100.0,0.0,0.0,0.0,0.0,20.0,20.0,40.0,0.0,0.0,60.0,0.0,0.0
9.99,-8.383,-25.976,1.02,-1.6432,escape,0.493,1.5,0.997,-0.8,100.0,100.0,0.0,0.0,0.0,0.0,20.0,20.0,40.0,0.0,0.0,60.0,0.0,0.0
10.0233,-8.385,-26.379,0.988,-1.6013,escape,1.5,-0.457,0.522,0.8,100.0,100.0,0.0,0.0,0.0,0.0,20.0,20.0,40.0,0.0,0.0,60.0,0.0,0.0
10.0566,-8.376,-26.425,1.218,-1.7344,escape,1.5,-0.457,0.522,0.8,100.0,100.0,0.0,0.0,0.0,0.0,20.0,20.0,40.0,0.0,0.0,60.0,0.0,0.0
10.0899,-8.918,-26.42,1.506,-2.1145,escape,1.5,-0.457,0.522,0.8,100.0,100.0,0.0,0.0,0.0,0.0,20.0,20.0,20.0,0.0,0.0,60.0,0.0,0.0
10.1232,-8.901,-26.455,1.311,-2.086,escape,-0.5,1.5,0.5,-0.8,100.0,100.0,0.0,0.0,0.0,0.0,20.0,20.0,20.0,0.0,0.0,60.0,0.0,0.0
10.1565,-8.582,-26.777,1.253,-1.6468,escape,-0.5,1.5,0.5,-0.8,100.0,100.0,0.0,0.0,0.0,0.0,20.0,20.0,20.0,0.0,0.0,60.0,0.0,0.0
10.1898,-8.765,-26.947,1.047,-1.6041,escape,-0.5,1.5,0.5,-0.8,100.0,100.0,0.0,0.0,0.0,0.0,20.0,20.0,20.0,0.0,0.0,60.0,0.0,0.0
10.2231,-8.868,-27.093,0.978,-1.6829,escape,1.5,-0.112,0.694,0.8,100.0,100.0,0.0,0.0,0.0,0.0,20.0,20.0,20.0,0.0,0.0,60.0,0.0,0.0
10.2564,-8.883,-27.005,1.207,-1.8759,escape,1.5,-0.112,0.694,0.8,100.0,100.0,0.0,0.0,0.0,0.0,20.0,20.0,20.0,0.0,0.0,60.0,0.0,0.0
10.2897,-8.619,-27.025,0.972,-1.7776,escape,1.5,-0.112,0.694,0.8,100.0,100.0,0.0,0.0,0.0,0.0,20.0,20.0,20.0,0.0,0.0,60.0,0.0,0.0
10.323,-8.549,-27.332,0.789,-1.7544,escape,1.121,1.479,1.0,-0.287,100.0,100.0,0.0,0.0,0.0,0.0,20.0,20.0,20.0,0.0,0.0,60.0,0.0,0.0
10.3563,-8.844,-27.66,0.932,-1.9401,escape,1.121,1.479,1.0,-0.287,100.0,100.0,0.0,0.0,0.0,0.0,20.0,20.0,20.0,0.0,0.0,60.0,0.0,0.0
10.3896,-9.011,-28.162,1.031,-1.7755,escape,1.121,1.479,1.0,-0.287,100.0,100.0,0.0,0.0,0.0,0.0,20.0,20.0,20.0,0.0,20.0,60.0,0.0,0.0
10.4229,-9.055,-28.902,1.097,-1.8117,escape,0.912,1.5,1.0,-0.471,100.0,100.0,0.0,0.0,0.0,0.0,20.0,20.0,20.0,0.0,20.0,60.0,0.0,0.0
10.4562,-9.417,-29.273,1.053,-1.8651,escape,0.912,1.5,1.0,-0.471,100.0,100.0,0.0,0.0,0.0,0.0,20.0,20.0,20.0,0.0,20.0,60.0,0.0,0.0
10.4895,-9.114,-29.894,1.146,-1.7241,escape,0.912,1.5,1.0,-0.471,100.0,100.0,0.0,0.0,0.0,0.0,20.0,20.0,20.0,0.0,20.0,60.0,0.0,0.0
10.5228,-9.347,-30.294,1.033,-1.9101,escape,0.963,1.5,1.0,-0.429,100.0,100.0,0.0,0.0,0.0,0.0,20.0,20.0,20.0,0.0,20.0,60.0,0.0,0.0
10.5561,-9.446,-30.757,1.143,-1.6374,escape,0.963,1.5,1.0,-0.429,100.0,100.0,0.0,0.0,0.0,0.0,20.0,20.0,20.0,0.0,20.0,60.0,0.0,0.0
10.5894,-9.391,-31.665,1.119,-1.6276,escape,0.963,1.5,1.0,-0.429,100.0,100.0,0.0,0.0,0.0,0.0,20.0,20.0,20.0,0.0,20.0,60.0,0.0,0.0
10.6227,-9.836,-32.265,1.105,-1.6791,escape,1.5,0.935,1.0,0.452,100.0,100.0,0.0,0.0,0.0,0.0,20.0,20.0,20.0,0.0,20.0,60.0,0.0,0.0
10.656,-9.482,-32.836,1.107,-1.532,escape,1.5,0.935,1.0,0.452,100.0,100.0,0.0,0.0,0.0,0.0,20.0,20.0,20.0,0.0,20.0,60.0,0.0,0.0
10.6893,-9.651,-33.34,1.105,-1.7802,escape,1.5,0.935,1.0,0.452,100.0,120.0,0.0,0.0,0.0,0.0,20.0,20.0,20.0,0.0,20.0,60.0,0.0,0.0
10.7226,-9.774,-34.022,1.179,-1.602,escape,1.12,1.48,1.0,-0.288,100.0,120.0,0.0,0.0,0.0,0.0,20.0,20.0,20.0,0.0,20.0,40.0,0.0,0.0
10.7559,-9.614,-34.926,1.172,-1.8345,escape,1.12,1.48,1.0,-0.288,100.0,120.0,0.0,0.0,0.0,0.0,20.0,20.0,20.0,0.0,20.0,40.0,0.0,0.0
10.7892,-9.985,-35.428,1.047,-1.9001,escape,1.12,1.48,1.0,-0.288,100.0,120.0,0.0,0.0,0.0,0.0,20.0,20.0,20.0,0.0,20.0,40.0,0.0,0.0
10.8225,-10.089,-35.713,0.908,-1.9288,escape,1.5,-0.5,0.5,0.8,100.0,120.0,0.0,0.0,0.0,0.0,20.0,20.0,20.0,0.0,20.0,40.0,0.0,0.0
10.8558,-10.034,-35.79,1.202,-2.1442,escape,1.5,-0.5,0.5,0.8,100.0,120.0,0.0,0.0,0.0,0.0,20.0,20.0,20.0,0.0,20.0,60.0,0.0,0.0
10.8891,-9.632,-35.602,0.956,-1.9923,escape,1.5,-0.5,0.5,0.8,100.0,120.0,0.0,0.0,0.0,0.0,20.0,20.0,20.0,0.0,20.0,60.0,0.0,0.0
10.9224,-9.705,-35.624,1.195,-1.9135,escape,-0.5,1.5,0.5,-0.8,100.0,120.0,0.0,0.0,0.0,0.0,20.0,20.0,20.0,0.0,20.0,60.0,0.0,0.0
10.9557,-8.817,-35.621,1.591,-1.6089,escape,-0.5,1.5,0.5,-0.8,100.0,120.0,0.0,0.0,0.0,0.0,20.0,20.0,20.0,0.0,20.0,60.0,0.0,0.0
10.989,-9.396,-36.404,0.98,-1.3815,escape,-0.5,1.5,0.5,-0.8,100.0,120.0,0.0,0.0,0.0,0.0,20.0,20.0,20.0,0.0,20.0,60.0,0.0,0.0
11.0223,-9.509,-36.618,0.943,-1.5212,escape,1.5,-0.5,0.5,0.8,100.0,100.0,0.0,0.0,0.0,0.0,20.0,20.0,20.0,0.0,20.0,60.0,0.0,0.0
11.0556,-9.456,-36.716,1.23,-1.7881,escape,1.5,-0.5,0.5,0.8,100.0,100.0,0.0,0.0,0.0,0.0,20.0,20.0,20.0,0.0,20.0,60.0,0.0,0.0
11.0889,-9.609,-37.015,0.911,-1.9541,escape,1.5,-0.5,0.5,0.8,100.0,100.0,0.0,0.0,0.0,0.0,20.0,20.0,20.0,0.0,20.0,60.0,0.0,0.0
11.1222,-9.649,-37.241,0.842,-2.0102,escape,0.706,1.5,1.0,-0.635,100.0,100.0,0.0,0.0,0.0,0.0,20.0,20.0,20.0,0.0,20.0,60.0,0.0,0.0
11.1555,-10.006,-37.568,0.984,-2.1494,escape,0.706,1.5,1.0,-0.635,100.0,100.0,0.0,0.0,0.0,0.0,20.0,20.0,20.0,0.0,20.0,60.0,0.0,0.0
11.1888,-10.151,-37.926,1.09,-1.9313,escape,0.706,1.5,1.0,-0.635,100.0,100.0,0.0,0.0,0.0,0.0,20.0,20.0,20.0,0.0,20.0,60.0,0.0,0.0
11.2221,-10.418,-37.967,1.074,-1.9461,escape,1.5,0.487,0.994,0.8,100.0,100.0,0.0,0.0,0.0,0.0,20.0,20.0,20.0,0.0,20.0,60.0,0.0,0.0
11.2554,-10.518,-38.222,1.13,-2.0134,escape,1.5,0.487,0.994,0.8,100.0,100.0,0.0,0.0,0.0,0.0,40.0,20.0,20.0,0.0,20.0,40.0,0.0,0.0
11.2887,-10.495,-38.393,1.233,-1.7563,escape,1.5,0.487,0.994,0.8,100.0,100.0,0.0,0.0,0.0,0.0,40.0,20.0,20.0,0.0,20.0,40.0,0.0,0.0
11.322,-10.874,-38.348,1.162,-1.9078,escape,1.5,1.04,1.0,0.368,100.0,100.0,0.0,0.0,0.0,0.0,40.0,20.0,20.0,0.0,20.0,40.0,0.0,0.0
11.3553,-10.628,-38.373,1.104,-1.7283,escape,1.5,1.04,1.0,0.368,100.0,100.0,0.0,0.0,0.0,0.0,40.0,20.0,20.0,0.0,20.0,40.0,0.0,0.0
11.3886,-10.656,-38.214,1.046,-1.6463,escape,1.5,1.04,1.0,0.368,100.0,100.0,0.0,0.0,0.0,0.0,40.0,20.0,20.0,0.0,20.0,40.0,0.0,0.0
11.4219,-10.501,-38.425,1.159,-1.7443,escape,1.5,-0.169,0.666,0.8,100.0,100.0,0.0,0.0,0.0,0.0,40.0,20.0,20.0,0.0,20.0,40.0,0.0,0.0
11.4552,-10.163,-38.395,0.789,-1.7225,escape,1.5,-0.169,0.666,0.8,100.0,100.0,0.0,0.0,0.0,0.0,40.0,20.0,20.0,0.0,20.0,40.0,0.0,0.0
11.4885,-10.555,-38.406,1.122,-1.6221,escape,1.5,-0.169,0.666,0.8,100.0,100.0,0.0,0.0,0.0,0.0,40.0,20.0,20.0,0.0,20.0,40.0,0.0,0.0
11.5218,-10.344,-38.501,0.985,-1.5782,escape,1.5,-0.5,0.5,0.8,100.0,100.0,0.0,0.0,0.0,0.0,40.0,0.0,20.0,0.0,20.0,40.0,0.0,0.0
11.5551,-10.511,-38.074,1.295,-1.8384,escape,1.5,-0.5,0.5,0.8,100.0,100.0,0.0,0.0,0.0,0.0,40.0,0.0,20.0,0.0,20.0,40.0,0.0,0.0
11.5884,-10.666,-34.423,1.318,-3.0952,escape,1.5,-0.5,0.5,0.8,100.0,100.0,0.0,0.0,0.0,0.0,40.0,0.0,20.0,0.0,20.0,40.0,0.0,0.0
11.6217,-10.189,-33.318,0.006,2.0978,escape,1.5,0.003,0.751,0.8,100.0,100.0,0.0,0.0,0.0,0.0,40.0,0.0,20.0,0.0,20.0,40.0,0.0,0.0
11.655,-10.342,-33.261,-0.126,2.2794,escape,1.5,0.003,0.751,0.8,100.0,100.0,0.0,0.0,0.0,0.0,40.0,0.0,20.0,0.0,20.0,40.0,0.0,0.0
11.6883,-10.337,-33.176,-0.13,2.3203,escape,1.5,0.003,0.751,0.8,100.0,100.0,0.0,0.0,0.0,0.0,40.0,0.0,20.0,0.0,20.0,40.0,0.0,0.0
11.7216,-10.274,-33.075,-0.122,2.2246,escape,0.071,1.5,0.785,-0.8,80.0,80.0,0.0,0.0,0.0,0.0,40.0,0.0,20.0,0.0,20.0,40.0,0.0,0.0
11.7549,-10.465,-33.069,-0.03,2.3708,escape,0.071,1.5,0.785,-0.8,80.0,80.0,0.0,0.0,0.0,0.0,40.0,0.0,20.0,0.0,20.0,40.0,0.0,0.0
11.7882,-10.549,-33.051,-0.053,2.2232,escape,0.071,1.5,0.785,-0.8,80.0,80.0,0.0,0.0,0.0,0.0,40.0,0.0,20.0,0.0,20.0,40.0,0.0,0.0
11.8215,-10.64,-32.973,-0.099,2.099,escape,1.5,-0.311,0.594,0.8,80.0,80.0,0.0,0.0,0.0,0.0,40.0,0.0,20.0,0.0,20.0,40.0,0.0,0.0
11.8548,-10.751,-32.916,0.018,2.1439,escape,1.5,-0.311,0.594,0.8,80.0,80.0,0.0,0.0,0.0,0.0,20.0,0.0,0.0,0.0,20.0,40.0,0.0,0.0
11.8881,-10.725,-32.76,-0.117,2.016,escape,1.5,-0.311,0.594,0.8,80.0,80.0,0.0,0.0,0.0,0.0,20.0,0.0,0.0,0.0,20.0,40.0,0.0,0.0
11.9214,-10.771,-32.624,-0.089,2.1145,escape,1.5,0.51,1.0,0.792,80.0,80.0,0.0,0.0,0.0,0.0,20.0,0.0,0.0,0.0,20.0,40.0,0.0,0.0
11.9547,-10.782,-32.574,-0.011,2.0052,escape,1.5,0.51,1.0,0.792,80.0,80.0,0.0,0.0,0.0,0.0,20.0,0.0,0.0,0.0,20.0,40.0,0.0,0.0
11.988,-10.81,-32.421,-0.121,2.1049,escape,1.5,0.51,1.0,0.792,80.0,80.0,0.0,0.0,0.0,0.0,20.0,0.0,0.0,0.0,20.0,40.0,0.0,0.0
12.0213,-10.972,-32.395,-0.135,2.2062,escape,1.5,0.194,0.847,0.8,80.0,80.0,0.0,0.0,0.0,0.0,20.0,0.0,0.0,0.0,20.0,40.0,0.0,0.0
12.0546,-10.645,-32.31,0.09,1.8712,escape,1.5,0.194,0.847,0.8,80.0,80.0,0.0,0.0,0.0,0.0,20.0,0.0,0.0,0.0,20.0,40.0,0.0,0.0
12.0879,-10.815,-32.15,-0.095,2.0791,escape,1.5,0.194,0.847,0.8,80.0,80.0,0.0,0.0,0.0,0.0,20.0,0.0,0.0,0.0,20.0,40.0,0.0,0.0
12.1212,-10.727,-32.009,-0.043,2.0075,escape,1.5,0.49,0.995,0.8,80.0,80.0,0.0,0.0,0.0,0.0,20.0,0.0,0.0,0.0,20.0,40.0,0.0,0.0
12.1545,-10.507,-31.958,-0.114,1.7363,escape,1.5,0.49,0.995,0.8,80.0,80.0,0.0,0.0,0.0,0.0,20.0,0.0,0.0,0.0,20.0,40.0,0.0,0.0
12.1878,-10.664,-31.861,-0.137,1.9119,escape,1.5,0.49,0.995,0.8,80.0,80.0,0.0,0.0,0.0,0.0,20.0,0.0,0.0,0.0,20.0,40.0,0.0,0.0
12.2211,-10.241,-31.909,0.102,1.4644,escape,1.5,0.693,1.0,0.646,80.0,80.0,0.0,0.0,0.0,0.0,20.0,0.0,0.0,0.0,20.0,40.0,0.0,0.0
12.2544,-10.344,-31.685,-0.062,1.6204,escape,1.5,0.693,1.0,0.646,80.0,80.0,0.0,0.0,0.0,0.0,20.0,0.0,0.0,0.0,20.0,40.0,0.0,0.0
12.2877,-10.197,-31.568,-0.045,1.5113,escape,1.5,0.693,1.0,0.646,80.0,80.0,0.0,0.0,0.0,0.0,20.0,0.0,0.0,0.0,20.0,40.0,0.0,0.0
12.321,-9.893,-31.639,-0.099,1.1549,escape,1.5,0.668,1.0,0.665,80.0,80.0,0.0,0.0,0.0,0.0,20.0,0.0,0.0,0.0,20.0,40.0,0.0,0.0
12.3543,-9.993,-31.506,-0.131,1.2643,escape,1.5,0.668,1.0,0.665,80.0,80.0,0.0,0.0,0.0,0.0,20.0,0.0,0.0,0.0,20.0,40.0,0.0,0.0
12.3876,-9.674,-31.729,0.107,0.8523,escape,1.5,0.668,1.0,0.665,100.0,80.0,0.0,0.0,0.0,0.0,20.0,0.0,0.0,0.0,20.0,40.0,0.0,0.0
12.4209,-9.714,-31.455,-0.046,1.0236,escape,1.5,1.007,1.0,0.395,80.0,60.0,0.0,0.0,0.0,0.0,20.0,0.0,0.0,0.0,20.0,40.0,0.0,0.0
12.4542,-9.56,-31.435,-0.034,0.8983,escape,1.5,1.007,1.0,0.395,80.0,60.0,0.0,0.0,0.0,0.0,20.0,0.0,0.0,0.0,20.0,40.0,0.0,0.0
12.4875,-9.287,-31.624,-0.101,0.5501,escape,1.5,1.007,1.0,0.395,80.0,60.0,0.0,0.0,0.0,0.0,20.0,0.0,0.0,0.0,20.0,40.0,0.0,0.0
12.5208,-9.413,-31.527,0.02,0.6436,escape,-0.146,1.5,0.677,-0.8,80.0,60.0,0.0,0.0,0.0,0.0,20.0,0.0,0.0,0.0,20.0,20.0,0.0,0.0
12.5541,-9.201,-31.156,-0.063,0.7779,escape,-0.146,1.5,0.677,-0.8,80.0,60.0,0.0,0.0,0.0,0.0,20.0,0.0,0.0,0.0,20.0,20.0,0.0,0.0
12.5874,-9.26,-30.988,0.009,0.7531,escape,-0.146,1.5,0.677,-0.8,80.0,60.0,0.0,0.0,0.0,0.0,20.0,0.0,0.0,0.0,20.0,20.0,0.0,0.0
12.6207,-9.153,-30.959,-0.108,0.5843,escape,-0.5,1.5,0.5,-0.8,80.0,60.0,0.0,0.0,0.0,0.0,20.0,0.0,0.0,0.0,20.0,20.0,0.0,0.0
12.654,-9.074,-30.889,-0.166,0.5259,escape,-0.5,1.5,0.5,-0.8,80.0,60.0,0.0,0.0,0.0,0.0,20.0,0.0,0.0,0.0,20.0,20.0,0.0,0.0
12.6873,-9.333,-30.76,0.015,0.7511,escape,-0.5,1.5,0.5,-0.8,80.0,60.0,0.0,0.0,0.0,0.0,20.0,0.0,0.0,0.0,20.0,20.0,0.0,0.0
12.7206,-9.143,-30.684,-0.107,0.5436,escape,0.047,1.5,0.774,-0.8,80.0,60.0,0.0,0.0,0.0,0.0,20.0,0.0,0.0,0.0,20.0,20.0,0.0,0.0
12.7539,-9.182,-30.557,0.001,0.6532,escape,0.047,1.5,0.774,-0.8,80.0,60.0,0.0,0.0,0.0,0.0,20.0,0.0,0.0,0.0,20.0,20.0,0.0,0.0
12.7872,-8.988,-30.532,-0.117,0.4379,escape,0.047,1.5,0.774,-0.8,80.0,60.0,0.0,0.0,0.0,0.0,20.0,0.0,0.0,0.0,20.0,20.0,0.0,0.0
12.8205,-8.942,-30.548,-0.136,0.3644,escape,0.58,1.5,1.0,-0.736,80.0,60.0,0.0,0.0,0.0,0.0,20.0,0.0,0.0,0.0,20.0,20.0,0.0,0.0
12.8538,-9.141,-30.251,-0.058,0.6666,escape,0.58,1.5,1.0,-0.736,80.0,60.0,0.0,0.0,0.0,0.0,20.0,0.0,0.0,0.0,20.0,20.0,0.0,0.0
12.8871,-8.999,-30.205,-0.024,0.5363,escape,0.58,1.5,1.0,-0.736,80.0,60.0,0.0,0.0,0.0,0.0,20.0,0.0,0.0,0.0,20.0,20.0,0.0,0.0
12.9204,-9.059,-30.049,0.051,0.7491,escape,0.358,1.5,0.929,-0.8,80.0,60.0,0.0,0.0,0.0,0.0,20.0,0.0,0.0,0.0,20.0,20.0,0.0,0.0
12.9537,-8.85,-29.925,-0.122,0.6705,escape,0.358,1.5,0.929,-0.8,80.0,60.0,0.0,0.0,0.0,0.0,20.0,0.0,0.0,0.0,20.0,20.0,0.0,0.0
12.987,-8.826,-29.889,-0.128,0.6488,escape,0.358,1.5,0.929,-0.8,80.0,60.0,0.0,0.0,0.0,0.0,20.0,0.0,0.0,0.0,20.0,20.0,0.0,0.0
13.0203,-9.227,-29.628,-0.029,1.1114,escape,1.5,1.078,1.0,0.338,80.0,60.0,0.0,0.0,0.0,0.0,20.0,0.0,0.0,0.0,20.0,20.0,0.0,0.0
13.0536,-9.036,-29.578,0.033,0.9637,escape,1.5,1.078,1.0,0.338,80.0,60.0,0.0,0.0,0.0,0.0,20.0,0.0,0.0,0.0,20.0,20.0,0.0,0.0
13.0869,-8.961,-29.365,0.024,1.109,escape,1.5,1.078,1.0,0.338,80.0,60.0,0.0,0.0,0.0,0.0,20.0,0.0,0.0,0.0,20.0,20.0,0.0,0.0
13.1202,-8.915,-29.244,-0.067,1.0547,escape,1.5,0.643,1.0,0.686,80.0,60.0,0.0,0.0,0.0,0.0,20.0,0.0,0.0,0.0,20.0,20.0,0.0,0.0
13.1535,-8.606,-29.394,-0.109,0.7707,escape,1.5,0.643,1.0,0.686,80.0,60.0,0.0,0.0,0.0,0.0,20.0,0.0,0.0,0.0,20.0,20.0,0.0,0.0
13.1868,-8.634,-29.209,-0.103,0.8786,escape,1.5,0.643,1.0,0.686,80.0,60.0,0.0,0.0,0.0,0.0,20.0,0.0,0.0,0.0,20.0,20.0,0.0,0.0
13.2201,-8.432,-29.368,0.066,0.554,escape,1.5,0.85,1.0,0.52,80.0,60.0,0.0,0.0,0.0,0.0,20.0,0.0,20.0,0.0,20.0,20.0,0.0,0.0
13.2534,-8.273,-29.203,-0.054,0.6824,escape,1.5,0.85,1.0,0.52,80.0,60.0,0.0,0.0,0.0,0.0,20.0,0.0,20.0,0.0,20.0,20.0,0.0,0.0
13.2867,-8.132,-29.231,-0.059,0.6041,escape,1.5,0.85,1.0,0.52,80.0,60.0,0.0,0.0,0.0,0.0,20.0,0.0,20.0,0.0,20.0,20.0,0.0,0.0
13.32,-8.012,-29.343,-0.17,0.3252,escape,-0.5,1.5,0.5,-0.8,80.0,60.0,0.0,0.0,0.0,0.0,20.0,0.0,20.0,0.0,20.0,20.0,0.0,0.0
13.3533,-8.118,-29.32,0.041,0.5555,escape,-0.5,1.5,0.5,-0.8,80.0,60.0,0.0,0.0,0.0,0.0,20.0,0.0,20.0,0.0,20.0,20.0,0.0,0.0
13.3866,-8.053,-29.205,-0.027,0.4212,escape,-0.5,1.5,0.5,-0.8,80.0,60.0,0.0,0.0,0.0,0.0,20.0,0.0,20.0,0.0,20.0,20.0,0.0,0.0
13.4199,-7.984,-29.024,-0.035,0.5059,escape,0.188,1.5,0.844,-0.8,80.0,60.0,0.0,0.0,0.0,0.0,20.0,0.0,20.0,0.0,20.0,20.0,0.0,0.0
13.4532,-7.944,-28.886,-0.111,0.5429,escape,0.188,1.5,0.844,-0.8,80.0,60.0,0.0,0.0,0.0,0.0,20.0,0.0,20.0,0.0,20.0,20.0,0.0,0.0
13.4865,-7.873,-28.9,-0.133,0.3817,escape,0.188,1.5,0.844,-0.8,80.0,60.0,0.0,0.0,0.0,0.0,20.0,0.0,20.0,0.0,20.0,20.0,0.0,0.0
13.5198,-8.022,-28.729,0.067,0.6076,escape,0.026,1.5,0.763,-0.8,80.0,60.0,0.0,0.0,0.0,0.0,20.0,0.0,20.0,0.0,20.0,20.0,0.0,0.0
13.5531,-7.805,-28.648,-0.123,0.3531,escape,0.026,1.5,0.763,-0.8,80.0,60.0,0.0,0.0,0.0,0.0,20.0,0.0,20.0,0.0,20.0,20.0,0.0,0.0
13.5864,-7.765,-28.573,-0.1,0.3459,escape,0.026,1.5,0.763,-0.8,80.0,60.0,0.0,0.0,0.0,0.0,20.0,0.0,20.0,0.0,20.0,20.0,0.0,0.0
13.6197,-7.867,-28.42,-0.099,0.5445,escape,0.253,1.5,0.876,-0.8,80.0,60.0,0.0,0.0,0.0,0.0,20.0,0.0,20.0,0.0,20.0,20.0,0.0,0.0
13.653,-7.727,-28.424,-0.135,0.361,escape,0.253,1.5,0.876,-0.8,80.0,60.0,0.0,0.0,0.0,0.0,20.0,0.0,20.0,0.0,20.0,20.0,0.0,0.0
13.6863,-7.926,-28.22,0.071,0.6238,escape,0.253,1.5,0.876,-0.8,80.0,60.0,0.0,0.0,0.0,0.0,20.0,0.0,20.0,0.0,20.0,20.0,0.0,0.0
13.7196,-7.68,-28.151,-0.128,0.4763,escape,-0.396,1.5,0.552,-0.8,80.0,60.0,0.0,0.0,0.0,0.0,20.0,0.0,20.0,0.0,20.0,20.0,0.0,0.0
13.7529,-7.714,-28.087,-0.109,0.457,escape,-0.396,1.5,0.552,-0.8,80.0,60.0,0.0,0.0,0.0,0.0,20.0,0.0,20.0,0.0,20.0,20.0,0.0,0.0
13.7862,-7.889,-27.853,-0.109,0.6203,escape,-0.396,1.5,0.552,-0.8,80.0,60.0,0.0,0.0,0.0,0.0,40.0,0.0,20.0,0.0,20.0,20.0,0.0,0.0
13.8195,-7.694,-27.838,-0.115,0.449,escape,0.475,1.5,0.988,-0.8,80.0,60.0,0.0,0.0,0.0,0.0,40.0,0.0,20.0,0.0,20.0,20.0,0.0,0.0
13.8528,-7.775,-27.691,0.071,0.6266,escape,0.475,1.5,0.988,-0.8,80.0,60.0,0.0,0.0,0.0,0.0,40.0,0.0,20.0,0.0,20.0,20.0,0.0,0.0
13.8861,-7.576,-27.643,-0.137,0.552,escape,0.475,1.5,0.988,-0.8,80.0,60.0,0.0,0.0,0.0,0.0,40.0,0.0,20.0,0.0,20.0,20.0,0.0,0.0
13.9194,-7.553,-27.667,-0.131,0.5112,escape,1.5,1.081,1.0,0.335,80.0,60.0,0.0,0.0,0.0,0.0,40.0,0.0,20.0,0.0,20.0,20.0,0.0,0.0
13.9527,-7.719,-27.346,0.026,0.8463,escape,1.5,1.081,1.0,0.335,80.0,40.0,0.0,0.0,0.0,0.0,40.0,0.0,20.0,0.0,20.0,20.0,0.0,0.0
13.986,-7.54,-27.325,0.037,0.6765,escape,1.5,1.081,1.0,0.335,80.0,40.0,0.0,0.0,0.0,0.0,40.0,0.0,20.0,0.0,20.0,20.0,0.0,0.0
14.0193,-7.373,-27.14,-0.015,0.7762,escape,1.5,0.964,1.0,0.429,80.0,40.0,0.0,0.0,0.0,0.0,40.0,0.0,20.0,0.0,20.0,20.0,0.0,0.0
14.0526,-7.345,-27.032,-0.078,0.7733,escape,1.5,0.964,1.0,0.429,80.0,40.0,0.0,0.0,0.0,0.0,40.0,0.0,20.0,0.0,40.0,20.0,0.0,0.0
14.0859,-7.101,-27.329,-0.101,0.4458,escape,1.5,0.964,1.0,0.429,80.0,40.0,0.0,0.0,0.0,0.0,40.0,0.0,20.0,0.0,40.0,20.0,0.0,0.0
14.1192,-7.056,-27.198,-0.114,0.4516,walking,0.188,0.112,0.15,0.06,60.0,40.0,0.0,0.0,0.0,0.0,40.0,0.0,20.0,0.0,40.0,20.0,0.0,0.0
14.1525,-6.973,-27.235,-0.023,0.3361,walking,0.188,0.112,0.15,0.06,60.0,40.0,0.0,0.0,0.0,0.0,40.0,0.0,20.0,0.0,40.0,20.0,0.0,0.0
14.1858,-6.929,-27.176,-0.122,0.4413,walking,0.188,0.112,0.15,0.06,60.0,40.0,0.0,0.0,0.0,0.0,40.0,0.0,20.0,0.0,40.0,20.0,0.0,0.0
14.2191,-6.873,-27.203,-0.102,0.4145,walking,0.188,0.112,0.15,0.06,60.0,40.0,0.0,0.0,0.0,0.0,40.0,0.0,20.0,0.0,40.0,20.0,0.0,0.0
14.2524,-6.86,-27.179,0.01,0.4219,walking,0.188,0.112,0.15,0.06,60.0,40.0,0.0,0.0,0.0,0.0,40.0,0.0,20.0,0.0,40.0,20.0,0.0,0.0
14.2857,-6.825,-27.065,0.041,0.4853,walking,0.188,0.112,0.15,0.06,60.0,40.0,0.0,0.0,0.0,0.0,40.0,0.0,20.0,0.0,40.0,20.0,0.0,0.0
14.319,-6.699,-27.186,0.03,0.4092,walking,0.188,0.112,0.15,0.06,60.0,40.0,0.0,0.0,0.0,0.0,40.0,0.0,20.0,0.0,40.0,20.0,0.0,0.0
14.3523,-6.802,-27.048,-0.117,0.5015,walking,0.188,0.112,0.15,0.06,60.0,40.0,0.0,0.0,0.0,0.0,40.0,0.0,20.0,0.0,40.0,20.0,0.0,0.0
14.3856,-6.725,-27.132,-0.068,0.4218,walking,0.188,0.112,0.15,0.06,60.0,40.0,0.0,0.0,0.0,0.0,40.0,0.0,20.0,0.0,40.0,20.0,0.0,0.0
14.4189,-6.793,-27.046,0.121,0.513,walking,0.188,0.112,0.15,0.06,60.0,40.0,0.0,0.0,0.0,0.0,40.0,0.0,20.0,0.0,40.0,20.0,0.0,0.0
14.4522,-6.78,-26.883,0.112,0.5815,walking,0.188,0.112,0.15,0.06,60.0,40.0,0.0,0.0,0.0,0.0,40.0,0.0,20.0,0.0,40.0,20.0,0.0,0.0
14.4855,-6.551,-26.97,0.14,0.5532,walking,0.188,0.112,0.15,0.06,60.0,40.0,0.0,0.0,0.0,0.0,40.0,0.0,20.0,0.0,40.0,20.0,0.0,0.0
14.5188,-6.85,-26.778,-0.106,0.6516,walking,0.188,0.112,0.15,0.06,60.0,40.0,0.0,0.0,0.0,0.0,40.0,0.0,20.0,0.0,40.0,20.0,0.0,0.0
14.5521,-6.749,-26.973,0.005,0.5035,walking,0.188,0.112,0.15,0.06,60.0,40.0,0.0,0.0,0.0,0.0,40.0,0.0,20.0,0.0,40.0,20.0,0.0,0.0
14.5854,-6.596,-26.759,0.085,0.7143,escape,0.213,1.5,0.857,-0.8,80.0,40.0,0.0,0.0,0.0,0.0,40.0,0.0,20.0,0.0,40.0,20.0,0.0,0.0
14.6187,-6.805,-26.39,0.063,0.7758,escape,1.34,1.26,1.0,0.064,80.0,60.0,0.0,0.0,0.0,0.0,40.0,0.0,20.0,0.0,40.0,20.0,0.0,0.0
14.652,-6.39,-26.496,0.237,0.6532,escape,1.34,1.26,1.0,0.064,80.0,60.0,0.0,0.0,0.0,0.0,40.0,0.0,20.0,0.0,40.0,20.0,0.0,0.0
14.6853,-6.435,-26.224,0.007,0.7836,escape,1.34,1.26,1.0,0.064,80.0,60.0,0.0,0.0,0.0,0.0,40.0,0.0,20.0,0.0,40.0,20.0,0.0,0.0
14.7186,-6.407,-25.934,-0.076,0.9243,escape,1.5,0.396,0.948,0.8,80.0,60.0,0.0,0.0,0.0,0.0,40.0,0.0,20.0,0.0,40.0,20.0,0.0,0.0
14.7519,-6.203,-26.208,-0.006,0.5029,escape,1.5,0.396,0.948,0.8,80.0,60.0,0.0,0.0,0.0,0.0,40.0,0.0,20.0,0.0,40.0,20.0,0.0,0.0
14.7852,-6.223,-26.032,-0.006,0.6701,escape,1.5,0.396,0.948,0.8,60.0,60.0,0.0,0.0,0.0,0.0,40.0,0.0,20.0,0.0,40.0,20.0,0.0,0.0
14.8185,-6.132,-26.334,0.14,0.2313,escape,0.864,1.5,1.0,-0.509,60.0,60.0,0.0,0.0,0.0,0.0,40.0,0.0,20.0,0.0,40.0,20.0,0.0,0.0
14.8518,-6.032,-26.283,-0.055,0.2629,escape,0.864,1.5,1.0,-0.509,60.0,40.0,0.0,0.0,0.0,0.0,40.0,0.0,20.0,0.0,40.0,20.0,0.0,0.0
14.8851,-5.941,-26.225,-0.128,0.2178,walking,0.188,0.112,0.15,0.06,60.0,40.0,0.0,0.0,0.0,0.0,40.0,0.0,20.0,0.0,40.0,20.0,0.0,0.0
14.9184,-5.92,-26.177,0.074,0.1591,walking,0.188,0.112,0.15,0.06,60.0,40.0,0.0,0.0,0.0,0.0,40.0,0.0,20.0,0.0,40.0,20.0,0.0,0.0
14.9517,-5.869,-25.998,0.004,0.2826,walking,0.195,0.105,0.15,0.072,60.0,40.0,0.0,0.0,0.0,0.0,40.0,0.0,40.0,0.0,40.0,20.0,0.0,0.0
14.985,-5.709,-26.076,0.13,0.2651,walking,0.195,0.105,0.15,0.072,60.0,40.0,0.0,0.0,0.0,0.0,40.0,0.0,40.0,0.0,40.0,20.0,0.0,0.0
15.0183,-5.929,-25.845,-0.12,0.3604,walking,0.195,0.105,0.15,0.072,60.0,40.0,0.0,0.0,0.0,0.0,40.0,0.0,40.0,0.0,40.0,20.0,0.0,0.0
15.0516,-5.873,-25.904,-0.064,0.28,walking,0.195,0.105,0.15,0.072,60.0,40.0,0.0,0.0,0.0,0.0,40.0,0.0,40.0,0.0,40.0,20.0,0.0,0.0
15.0849,-5.794,-25.833,-0.005,0.5011,walking,0.21,0.09,0.15,0.096,60.0,40.0,0.0,0.0,0.0,0.0,60.0,0.0,40.0,0.0,40.0,20.0,0.0,0.0
15.1182,-5.56,-25.879,0.102,0.4263,walking,0.21,0.09,0.15,0.096,60.0,40.0,0.0,0.0,0.0,0.0,60.0,0.0,40.0,0.0,40.0,20.0,0.0,0.0
15.1515,-5.352,-26.001,0.169,0.4309,walking,0.21,0.09,0.15,0.096,60.0,40.0,0.0,0.0,0.0,0.0,60.0,0.0,40.0,0.0,40.0,20.0,0.0,0.0
15.1848,-5.59,-25.978,0.058,0.6537,walking,0.21,0.09,0.15,0.096,60.0,40.0,0.0,0.0,0.0,0.0,60.0,0.0,40.0,0.0,40.0,20.0,0.0,0.0
15.2181,-5.513,-26.801,0.626,-0.1726,walking,0.245,0.105,0.175,0.112,60.0,40.0,0.0,0.0,0.0,0.0,60.0,0.0,40.0,0.0,40.0,20.0,0.0,0.0
15.2514,-5.508,-27.581,-0.022,-0.9795,walking,0.245,0.105,0.175,0.112,60.0,40.0,0.0,0.0,0.0,0.0,60.0,0.0,40.0,0.0,40.0,20.0,0.0,0.0
15.2847,-5.303,-26.85,-0.043,-0.3706,walking,0.245,0.105,0.175,0.112,60.0,40.0,0.0,0.0,0.0,0.0,60.0,0.0,40.0,0.0,40.0,20.0,0.0,0.0
15.318,-5.143,-26.877,0.223,-0.368,walking,0.245,0.105,0.175,0.112,60.0,40.0,0.0,0.0,0.0,0.0,60.0,0.0,40.0,0.0,40.0,20.0,0.0,0.0
15.3513,-5.232,-26.471,0.299,-0.3695,walking,0.245,0.105,0.175,0.112,60.0,40.0,0.0,0.0,0.0,0.0,60.0,0.0,40.0,0.0,40.0,20.0,0.0,0.0
15.3846,-5.136,-26.448,-0.127,-0.2943,walking,0.21,0.09,0.15,0.096,60.0,40.0,0.0,0.0,0.0,0.0,60.0,0.0,40.0,0.0,20.0,20.0,0.0,0.0
15.4179,-5.014,-26.468,-0.051,-0.2067,walking,0.21,0.09,0.15,0.096,60.0,40.0,0.0,0.0,0.0,0.0,60.0,0.0,40.0,0.0,20.0,20.0,0.0,0.0
15.4512,-4.714,-25.662,-0.14,0.46,walking,0.245,0.105,0.175,0.112,60.0,40.0,0.0,0.0,0.0,0.0,60.0,0.0,40.0,0.0,20.0,40.0,0.0,0.0
15.4845,-4.574,-25.665,0.134,0.4777,walking,0.245,0.105,0.175,0.112,60.0,40.0,0.0,0.0,0.0,0.0,60.0,0.0,40.0,0.0,20.0,40.0,0.0,0.0
15.5178,-4.9,-25.493,-0.116,0.6021,walking,0.245,0.105,0.175,0.112,60.0,60.0,0.0,0.0,0.0,0.0,60.0,0.0,40.0,0.0,20.0,40.0,0.0,0.0
15.5511,-4.869,-25.485,-0.092,0.5705,walking,0.245,0.105,0.175,0.112,60.0,60.0,0.0,0.0,0.0,0.0,60.0,0.0,40.0,0.0,20.0,40.0,0.0,0.0
15.5844,-4.735,-25.403,0.062,0.6915,walking,0.245,0.105,0.175,0.112,60.0,60.0,0.0,0.0,0.0,0.0,60.0,0.0,40.0,0.0,20.0,40.0,0.0,0.0
15.6177,-4.597,-25.188,-0.059,0.7355,walking,0.245,0.105,0.175,0.112,60.0,60.0,0.0,0.0,0.0,0.0,60.0,0.0,40.0,0.0,20.0,40.0,0.0,0.0
15.651,-4.457,-25.218,0.127,0.7081,walking,0.245,0.105,0.175,0.112,60.0,60.0,0.0,0.0,0.0,0.0,60.0,0.0,40.0,0.0,20.0,40.0,0.0,0.0
15.6843,-4.796,-25.038,-0.117,0.873,walking,0.245,0.105,0.175,0.112,60.0,40.0,0.0,0.0,0.0,0.0,60.0,0.0,40.0,0.0,20.0,40.0,0.0,0.0
15.7176,-4.754,-25.035,-0.086,0.8014,walking,0.245,0.105,0.175,0.112,60.0,40.0,0.0,0.0,0.0,0.0,60.0,0.0,40.0,0.0,20.0,40.0,0.0,0.0
15.7509,-4.597,-24.959,0.001,0.8593,walking,0.245,0.105,0.175,0.112,60.0,40.0,0.0,0.0,0.0,0.0,60.0,0.0,40.0,0.0,20.0,40.0,0.0,0.0
15.7842,-4.706,-24.82,-0.088,1.0655,walking,0.245,0.105,0.175,0.112,60.0,40.0,0.0,0.0,0.0,0.0,60.0,0.0,40.0,0.0,20.0,40.0,0.0,0.0
15.8175,-4.53,-24.776,0.144,1.0442,walking,0.245,0.105,0.175,0.112,60.0,40.0,0.0,0.0,0.0,0.0,60.0,0.0,40.0,0.0,20.0,40.0,0.0,0.0
15.8508,-4.894,-24.705,-0.123,1.2289,walking,0.21,0.09,0.15,0.096,60.0,40.0,0.0,0.0,0.0,0.0,60.0,0.0,40.0,0.0,20.0,20.0,0.0,0.0
15.8841,-4.894,-24.696,-0.09,1.2228,walking,0.21,0.09,0.15,0.096,60.0,40.0,0.0,0.0,0.0,0.0,60.0,0.0,40.0,0.0,20.0,20.0,0.0,0.0
15.9174,-4.905,-24.549,-0.04,1.37,walking,0.21,0.09,0.15,0.096,60.0,40.0,0.0,0.0,0.0,0.0,60.0,0.0,40.0,0.0,20.0,20.0,0.0,0.0
15.9507,-5.501,-24.75,0.213,2.1114,escape,1.5,0.311,0.905,0.8,80.0,40.0,0.0,0.0,0.0,0.0,60.0,0.0,40.0,0.0,20.0,20.0,0.0,0.0
15.984,-5.487,-24.559,0.167,2.0755,escape,1.5,0.311,0.905,0.8,80.0,40.0,0.0,0.0,0.0,0.0,60.0,0.0,40.0,0.0,20.0,20.0,0.0,0.0
16.0173,-5.68,-24.532,-0.113,2.0034,escape,1.018,1.5,1.0,-0.386,80.0,40.0,0.0,0.0,0.0,0.0,60.0,0.0,40.0,0.0,20.0,20.0,0.0,0.0
16.0506,-5.74,-24.496,-0.114,2.0398,escape,1.018,1.5,1.0,-0.386,60.0,40.0,0.0,0.0,0.0,0.0,60.0,0.0,40.0,0.0,20.0,20.0,0.0,0.0
16.0839,-5.497,-24.245,-0.049,1.8009,escape,1.018,1.5,1.0,-0.386,60.0,40.0,0.0,0.0,0.0,0.0,60.0,0.0,40.0,0.0,20.0,20.0,0.0,0.0
16.1172,-5.798,-24.319,0.012,2.0508,escape,1.241,1.359,1.0,-0.095,60.0,40.0,0.0,0.0,0.0,0.0,60.0,0.0,40.0,0.0,20.0,20.0,0.0,0.0
16.1505,-5.721,-24.17,0.101,1.827,escape,1.241,1.359,1.0,-0.095,60.0,40.0,0.0,0.0,0.0,0.0,60.0,0.0,40.0,0.0,20.0,40.0,0.0,0.0
16.1838,-5.79,-23.958,-0.006,1.9135,escape,1.241,1.359,1.0,-0.095,60.0,40.0,0.0,0.0,0.0,0.0,60.0,0.0,40.0,0.0,20.0,40.0,0.0,0.0
16.2171,-5.882,-23.915,-0.074,1.9912,escape,-0.5,1.5,0.5,-0.8,60.0,40.0,0.0,0.0,0.0,0.0,60.0,0.0,40.0,0.0,20.0,40.0,0.0,0.0
16.2504,-5.85,-23.895,-0.145,1.8652,walking,0.195,0.105,0.15,0.072,60.0,40.0,0.0,0.0,0.0,0.0,40.0,0.0,40.0,0.0,20.0,40.0,0.0,0.0
16.2837,-5.913,-23.924,-0.08,1.9306,walking,0.195,0.105,0.15,0.072,60.0,40.0,0.0,0.0,0.0,0.0,40.0,0.0,40.0,0.0,20.0,40.0,0.0,0.0
16.317,-5.957,-23.843,-0.133,1.8893,walking,0.195,0.105,0.15,0.072,60.0,40.0,0.0,0.0,0.0,0.0,40.0,0.0,40.0,0.0,20.0,40.0,0.0,0.0
16.3503,-5.904,-23.796,-0.022,1.8437,walking,0.195,0.105,0.15,0.072,60.0,40.0,0.0,0.0,0.0,0.0,40.0,0.0,40.0,0.0,20.0,40.0,0.0,0.0
16.3836,-5.963,-23.749,-0.023,1.8836,walking,0.195,0.105,0.15,0.072,60.0,40.0,0.0,0.0,0.0,0.0,40.0,0.0,40.0,0.0,20.0,40.0,0.0,0.0
16.4169,-5.902,-23.722,-0.098,1.8205,walking,0.195,0.105,0.15,0.072,60.0,40.0,0.0,0.0,0.0,0.0,40.0,0.0,40.0,0.0,20.0,40.0,0.0,0.0
16.4502,-5.957,-23.724,-0.104,1.8697,walking,0.195,0.105,0.15,0.072,60.0,40.0,0.0,0.0,0.0,0.0,40.0,0.0,40.0,0.0,20.0,40.0,0.0,0.0
16.4835,-5.888,-23.691,-0.058,1.7953,walking,0.195,0.105,0.15,0.072,60.0,40.0,0.0,0.0,0.0,0.0,40.0,0.0,40.0,0.0,20.0,40.0,0.0,0.0
16.5168,-5.866,-23.653,0.088,1.8026,walking,0.195,0.105,0.15,0.072,60.0,40.0,0.0,0.0,0.0,0.0,40.0,0.0,40.0,0.0,20.0,40.0,0.0,0.0
16.5501,-6.04,-23.605,0.108,1.8697,walking,0.195,0.105,0.15,0.072,60.0,40.0,0.0,0.0,0.0,0.0,40.0,0.0,40.0,0.0,20.0,40.0,0.0,0.0
16.5834,-5.844,-23.543,-0.047,1.7561,walking,0.195,0.105,0.15,0.072,60.0,40.0,0.0,0.0,0.0,0.0,40.0,0.0,40.0,0.0,20.0,40.0,0.0,0.0
16.6167,-6.031,-23.589,-0.098,1.8969,walking,0.195,0.105,0.15,0.072,60.0,40.0,0.0,0.0,0.0,0.0,40.0,0.0,40.0,0.0,20.0,40.0,0.0,0.0
16.65,-5.908,-23.568,0.042,1.8026,walking,0.163,0.087,0.125,0.06,60.0,40.0,0.0,0.0,0.0,0.0,40.0,0.0,40.0,0.0,20.0,40.0,0.0,0.0
16.6833,-5.968,-23.474,0.09,1.9256,walking,0.163,0.087,0.125,0.06,60.0,40.0,0.0,0.0,0.0,0.0,40.0,0.0,40.0,0.0,20.0,40.0,0.0,0.0
16.7166,-6.125,-23.497,0.121,1.8987,walking,0.163,0.087,0.125,0.06,60.0,40.0,0.0,0.0,0.0,0.0,40.0,0.0,40.0,0.0,20.0,40.0,0.0,0.0
16.7499,-5.777,-23.464,0.024,1.7849,walking,0.163,0.087,0.125,0.06,60.0,40.0,0.0,0.0,0.0,0.0,40.0,0.0,40.0,0.0,20.0,40.0,0.0,0.0
16.7832,-6.134,-23.671,-0.086,2.1034,walking,0.195,0.105,0.15,0.072,60.0,40.0,0.0,0.0,0.0,0.0,40.0,0.0,40.0,0.0,40.0,40.0,0.0,0.0
16.8165,-6.034,-23.541,0.165,1.9003,walking,0.195,0.105,0.15,0.072,60.0,40.0,0.0,0.0,0.0,0.0,40.0,0.0,40.0,0.0,40.0,40.0,0.0,0.0
16.8498,-6.331,-23.363,-0.074,2.2675,walking,0.195,0.105,0.15,0.072,60.0,40.0,0.0,0.0,0.0,0.0,40.0,0.0,40.0,0.0,40.0,40.0,0.0,0.0
16.8831,-6.038,-22.817,0.793,1.6279,walking,0.195,0.105,0.15,0.072,60.0,40.0,0.0,0.0,0.0,0.0,40.0,0.0,40.0,0.0,40.0,40.0,0.0,0.0
16.9164,-6.216,-22.55,0.047,1.7317,walking,0.195,0.105,0.15,0.072,60.0,40.0,0.0,0.0,0.0,0.0,40.0,0.0,40.0,0.0,40.0,40.0,0.0,0.0
16.9497,-6.073,-22.187,0.674,1.7489,walking,0.195,0.105,0.15,0.072,60.0,40.0,0.0,0.0,0.0,0.0,40.0,0.0,40.0,0.0,40.0,40.0,0.0,0.0
16.983,-6.262,-21.952,-0.124,1.6263,walking,0.195,0.105,0.15,0.072,60.0,40.0,0.0,0.0,0.0,0.0,40.0,0.0,40.0,0.0,40.0,40.0,0.0,0.0
17.0163,-6.26,-21.867,0.065,1.7104,walking,0.195,0.105,0.15,0.072,60.0,40.0,0.0,0.0,0.0,0.0,40.0,0.0,40.0,0.0,40.0,40.0,0.0,0.0
17.0496,-6.513,-21.98,-0.071,1.7785,walking,0.195,0.105,0.15,0.072,60.0,40.0,0.0,0.0,0.0,0.0,40.0,0.0,40.0,0.0,40.0,40.0,0.0,0.0
17.0829,-6.473,-21.895,0.025,1.7862,walking,0.195,0.105,0.15,0.072,60.0,40.0,0.0,0.0,0.0,0.0,40.0,0.0,40.0,0.0,40.0,40.0,0.0,0.0
17.1162,-6.375,-21.859,0.203,1.83,walking,0.195,0.105,0.15,0.072,60.0,40.0,0.0,0.0,0.0,0.0,40.0,0.0,40.0,0.0,40.0,40.0,0.0,0.0
17.1495,-6.475,-21.848,-0.116,1.8361,walking,0.195,0.105,0.15,0.072,60.0,40.0,0.0,0.0,0.0,0.0,40.0,0.0,40.0,0.0,40.0,40.0,0.0,0.0
17.1828,-6.518,-21.767,0.032,1.9495,walking,0.195,0.105,0.15,0.072,60.0,40.0,0.0,0.0,0.0,0.0,40.0,0.0,40.0,0.0,40.0,40.0,0.0,0.0
17.2161,-6.678,-21.925,-0.049,1.9591,walking,0.195,0.105,0.15,0.072,60.0,40.0,0.0,0.0,0.0,0.0,40.0,0.0,40.0,0.0,40.0,40.0,0.0,0.0
17.2494,-6.637,-21.827,0.03,1.9585,walking,0.227,0.122,0.175,0.084,60.0,40.0,0.0,0.0,0.0,0.0,40.0,0.0,40.0,0.0,60.0,40.0,0.0,0.0
17.2827,-6.864,-22.073,0.626,2.2158,walking,0.227,0.122,0.175,0.084,60.0,60.0,0.0,0.0,0.0,0.0,40.0,0.0,40.0,0.0,60.0,40.0,0.0,0.0
17.316,-7.099,-22.222,0.495,2.3257,walking,0.227,0.122,0.175,0.084,60.0,60.0,0.0,0.0,0.0,0.0,40.0,0.0,40.0,0.0,60.0,40.0,0.0,0.0
17.3493,-7.279,-21.902,0.02,2.2857,walking,0.227,0.122,0.175,0.084,60.0,60.0,0.0,0.0,0.0,0.0,40.0,0.0,40.0,0.0,60.0,40.0,0.0,0.0
17.3826,-7.499,-22.109,-0.074,2.4585,walking,0.227,0.122,0.175,0.084,40.0,60.0,0.0,0.0,0.0,0.0,40.0,0.0,40.0,0.0,60.0,40.0,0.0,0.0
17.4159,-7.493,-21.982,0.026,2.4386,walking,0.227,0.122,0.175,0.084,60.0,60.0,0.0,0.0,0.0,0.0,40.0,0.0,40.0,0.0,60.0,40.0,0.0,0.0
17.4492,-7.586,-22.322,0.036,2.632,walking,0.227,0.122,0.175,0.084,60.0,60.0,0.0,0.0,0.0,0.0,40.0,0.0,40.0,0.0,60.0,40.0,0.0,0.0
17.4825,-7.707,-22.367,-0.046,2.6359,walking,0.227,0.122,0.175,0.084,60.0,60.0,0.0,0.0,0.0,0.0,40.0,0.0,40.0,0.0,60.0,40.0,0.0,0.0
17.5158,-7.828,-22.311,0.007,2.7383,walking,0.227,0.122,0.175,0.084,60.0,60.0,0.0,0.0,0.0,0.0,40.0,0.0,40.0,0.0,60.0,40.0,0.0,0.0
17.5491,-8.567,-21.809,0.639,2.4051,walking,0.227,0.122,0.175,0.084,60.0,60.0,0.0,0.0,0.0,0.0,40.0,0.0,40.0,0.0,60.0,40.0,0.0,0.0
17.5824,-8.715,-21.436,0.002,2.335,walking,0.227,0.122,0.175,0.084,60.0,60.0,0.0,0.0,0.0,0.0,40.0,0.0,40.0,0.0,60.0,40.0,0.0,0.0
17.6157,-8.898,-21.754,-0.047,2.5028,walking,0.227,0.122,0.175,0.084,60.0,60.0,0.0,0.0,0.0,0.0,40.0,0.0,40.0,0.0,60.0,40.0,0.0,0.0
17.649,-8.989,-21.753,-0.073,2.4971,walking,0.227,0.122,0.175,0.084,60.0,60.0,0.0,0.0,0.0,0.0,40.0,0.0,40.0,0.0,60.0,40.0,0.0,0.0
17.6823,-9.069,-21.65,-0.026,2.5535,walking,0.227,0.122,0.175,0.084,60.0,60.0,0.0,0.0,0.0,0.0,40.0,0.0,40.0,0.0,60.0,40.0,0.0,0.0
17.7156,-9.917,-21.986,0.036,3.099,walking,0.227,0.122,0.175,0.084,60.0,60.0,0.0,0.0,0.0,0.0,40.0,0.0,40.0,0.0,60.0,40.0,0.0,0.0
17.7489,-10.072,-21.915,0.004,3.1302,walking,0.227,0.122,0.175,0.084,60.0,60.0,0.0,0.0,0.0,0.0,40.0,0.0,40.0,0.0,60.0,40.0,0.0,0.0
17.7822,-9.967,-22.165,-0.027,-2.9981,walking,0.227,0.122,0.175,0.084,60.0,60.0,0.0,0.0,0.0,0.0,40.0,0.0,40.0,0.0,60.0,40.0,0.0,0.0
17.8155,-9.994,-22.22,-0.079,-2.9984,walking,0.227,0.122,0.175,0.084,60.0,60.0,0.0,0.0,0.0,0.0,40.0,0.0,40.0,0.0,60.0,40.0,0.0,0.0
17.8488,-10.1,-22.249,-0.031,-2.8647,walking,0.227,0.122,0.175,0.084,60.0,60.0,0.0,0.0,0.0,0.0,40.0,0.0,40.0,0.0,60.0,40.0,0.0,0.0
17.8821,-10.901,-22.016,0.707,3.0962,walking,0.227,0.122,0.175,0.084,60.0,60.0,0.0,0.0,0.0,0.0,40.0,0.0,40.0,0.0,60.0,40.0,0.0,0.0
17.9154,-11.308,-21.862,-0.002,2.972,walking,0.21,0.14,0.175,0.056,60.0,60.0,0.0,0.0,0.0,0.0,40.0,20.0,40.0,0.0,60.0,40.0,0.0,0.0
17.9487,-11.219,-22.062,-0.077,3.0224,walking,0.24,0.16,0.2,0.064,60.0,60.0,0.0,0.0,0.0,0.0,40.0,20.0,40.0,0.0,60.0,40.0,0.0,0.0
17.982,-11.251,-22.088,-0.082,3.026,walking,0.24,0.16,0.2,0.064,60.0,60.0,0.0,0.0,0.0,0.0,40.0,20.0,40.0,0.0,60.0,40.0,0.0,0.0
18.0153,-11.348,-22.087,-0.034,3.1193,walking,0.24,0.16,0.2,0.064,60.0,60.0,0.0,0.0,0.0,0.0,40.0,20.0,40.0,0.0,60.0,40.0,0.0,0.0
18.0486,-11.245,-22.391,-0.102,-2.9138,walking,0.24,0.16,0.2,0.064,60.0,60.0,0.0,0.0,0.0,0.0,40.0,20.0,40.0,0.0,60.0,40.0,0.0,0.0
18.0819,-11.321,-22.367,-0.004,-2.931,walking,0.27,0.18,0.225,0.072,60.0,60.0,0.0,0.0,0.0,0.0,40.0,20.0,40.0,0.0,60.0,40.0,0.0,0.0
18.1152,-11.198,-22.536,-0.057,-2.832,walking,0.27,0.18,0.225,0.072,60.0,60.0,0.0,0.0,0.0,0.0,40.0,20.0,40.0,0.0,60.0,40.0,0.0,0.0
18.1485,-11.227,-22.576,-0.092,-2.825,walking,0.24,0.16,0.2,0.064,60.0,60.0,0.0,0.0,0.0,0.0,40.0,20.0,40.0,0.0,60.0,40.0,0.0,0.0
18.1818,-11.321,-22.621,-0.016,-2.6811,escape,1.5,-0.5,0.5,0.8,60.0,80.0,0.0,0.0,0.0,0.0,40.0,20.0,40.0,0.0,60.0,40.0,0.0,0.0
18.2151,-12.028,-22.736,0.83,-2.7266,escape,1.5,-0.5,0.5,0.8,60.0,80.0,0.0,0.0,0.0,0.0,40.0,20.0,20.0,0.0,60.0,40.0,0.0,0.0
18.2484,-12.659,-22.631,0.043,3.135,escape,1.5,-0.5,0.5,0.8,60.0,80.0,0.0,0.0,0.0,0.0,40.0,20.0,20.0,0.0,60.0,40.0,0.0,0.0
18.2817,-12.684,-22.545,-0.016,2.899,escape,1.5,-0.5,0.5,0.8,60.0,80.0,0.0,0.0,0.0,0.0,40.0,20.0,40.0,0.0,60.0,40.0,0.0,0.0
18.315,-12.72,-22.489,-0.147,2.9775,escape,1.5,-0.347,0.577,0.8,60.0,80.0,0.0,0.0,0.0,0.0,40.0,20.0,40.0,0.0,60.0,40.0,0.0,0.0
18.3483,-12.453,-22.109,0.139,2.4648,escape,1.5,-0.347,0.577,0.8,60.0,80.0,0.0,0.0,0.0,0.0,40.0,20.0,40.0,0.0,60.0,40.0,0.0,0.0
18.3816,-12.545,-22.091,-0.097,2.3309,escape,1.5,-0.347,0.577,0.8,60.0,80.0,0.0,0.0,0.0,0.0,40.0,20.0,40.0,0.0,60.0,40.0,0.0,0.0
18.4149,-12.434,-21.865,0.01,2.273,escape,1.5,0.294,0.897,0.8,60.0,80.0,0.0,0.0,0.0,0.0,40.0,20.0,40.0,0.0,60.0,40.0,0.0,0.0
18.4482,-12.391,-21.783,-0.071,2.0828,escape,1.5,0.294,0.897,0.8,60.0,80.0,0.0,0.0,0.0,0.0,40.0,20.0,40.0,0.0,60.0,60.0,0.0,0.0
18.4815,-12.516,-21.773,-0.137,2.1756,escape,1.5,0.294,0.897,0.8,80.0,80.0,0.0,0.0,0.0,0.0,40.0,20.0,40.0,0.0,60.0,60.0,0.0,0.0
18.5148,-11.981,-21.722,0.113,1.6471,escape,0.252,1.5,0.876,-0.8,80.0,80.0,0.0,0.0,0.0,0.0,40.0,20.0,40.0,0.0,60.0,60.0,0.0,0.0
18.5481,-12.164,-21.688,-0.004,1.8083,escape,0.252,1.5,0.876,-0.8,80.0,80.0,0.0,0.0,0.0,0.0,40.0,20.0,40.0,0.0,60.0,60.0,0.0,0.0
18.5814,-12.217,-21.561,-0.114,1.697,escape,0.252,1.5,0.876,-0.8,80.0,80.0,0.0,0.0,0.0,0.0,40.0,20.0,40.0,0.0,60.0,60.0,0.0,0.0
18.6147,-12.095,-21.401,-0.13,1.5653,escape,0.717,1.5,1.0,-0.626,80.0,80.0,0.0,0.0,0.0,0.0,40.0,20.0,40.0,0.0,60.0,60.0,0.0,0.0
18.648,-12.406,-21.417,-0.099,1.8712,escape,0.717,1.5,1.0,-0.626,80.0,80.0,0.0,0.0,0.0,0.0,40.0,20.0,40.0,0.0,60.0,60.0,0.0,0.0
18.6813,-12.36,-21.321,-0.032,1.7435,escape,0.717,1.5,1.0,-0.626,80.0,80.0,0.0,0.0,0.0,0.0,40.0,20.0,40.0,0.0,60.0,60.0,0.0,0.0
18.7146,-12.549,-21.349,0.107,2.0399,escape,1.23,1.37,1.0,-0.112,80.0,80.0,0.0,0.0,0.0,0.0,40.0,20.0,40.0,0.0,60.0,60.0,0.0,0.0
18.7479,-12.771,-21.08,-0.072,2.1335,escape,1.23,1.37,1.0,-0.112,80.0,80.0,0.0,0.0,0.0,0.0,40.0,20.0,40.0,0.0,60.0,60.0,0.0,0.0
18.7812,-12.729,-21.009,-0.105,2.0777,escape,1.23,1.37,1.0,-0.112,80.0,80.0,0.0,0.0,0.0,0.0,20.0,20.0,40.0,0.0,60.0,60.0,0.0,0.0
18.8145,-13.051,-21.133,0.01,2.3271,escape,1.5,0.603,1.0,0.717,80.0,80.0,0.0,0.0,0.0,0.0,20.0,20.0,40.0,0.0,60.0,60.0,0.0,0.0
18.8478,-12.821,-20.895,0.003,1.9922,escape,1.5,0.603,1.0,0.717,80.0,80.0,0.0,0.0,0.0,0.0,20.0,20.0,40.0,0.0,60.0,60.0,0.0,0.0
18.8811,-12.842,-20.777,-0.029,2.0671,escape,1.5,0.603,1.0,0.717,80.0,80.0,0.0,0.0,0.0,0.0,20.0,20.0,40.0,0.0,60.0,60.0,0.0,0.0
18.9144,-12.812,-20.603,-0.012,1.9814,escape,1.5,0.962,1.0,0.43,80.0,80.0,0.0,0.0,0.0,0.0,20.0,20.0,40.0,0.0,60.0,60.0,0.0,0.0
18.9477,-12.654,-20.496,-0.11,1.7752,escape,1.5,0.962,1.0,0.43,80.0,80.0,0.0,0.0,0.0,0.0,20.0,20.0,40.0,0.0,60.0,60.0,0.0,0.0
18.981,-12.806,-20.443,-0.131,1.8536,escape,1.5,0.962,1.0,0.43,80.0,80.0,0.0,0.0,0.0,0.0,20.0,20.0,40.0,0.0,60.0,60.0,0.0,0.0
19.0143,-12.727,-20.263,-0.056,1.6687,escape,-0.5,1.5,0.5,-0.8,80.0,80.0,0.0,0.0,0.0,0.0,20.0,20.0,40.0,0.0,60.0,60.0,0.0,0.0
19.0476,-12.71,-20.289,0.036,1.7013,escape,-0.5,1.5,0.5,-0.8,80.0,80.0,0.0,0.0,0.0,0.0,20.0,20.0,40.0,0.0,40.0,60.0,0.0,0.0
19.0809,-12.571,-20.209,-0.057,1.5201,escape,-0.5,1.5,0.5,-0.8,80.0,80.0,0.0,0.0,0.0,0.0,20.0,20.0,40.0,0.0,40.0,60.0,0.0,0.0
19.1142,-12.555,-20.137,-0.141,1.4455,escape,1.5,0.706,1.0,0.635,80.0,80.0,0.0,0.0,0.0,0.0,20.0,20.0,40.0,0.0,40.0,60.0,0.0,0.0
19.1475,-12.685,-20.029,0.005,1.6572,escape,1.5,0.706,1.0,0.635,80.0,80.0,0.0,0.0,0.0,0.0,20.0,20.0,40.0,0.0,40.0,60.0,0.0,0.0
19.1808,-12.575,-19.878,-0.041,1.4971,escape,1.5,0.706,1.0,0.635,80.0,80.0,0.0,0.0,0.0,0.0,20.0,20.0,40.0,0.0,40.0,60.0,0.0,0.0
19.2141,-12.445,-19.842,-0.105,1.3335,escape,1.5,-0.432,0.534,0.8,80.0,80.0,0.0,0.0,0.0,0.0,20.0,20.0,40.0,0.0,40.0,60.0,0.0,0.0
19.2474,-12.435,-19.792,-0.126,1.4591,escape,1.5,-0.432,0.534,0.8,80.0,80.0,0.0,0.0,0.0,0.0,20.0,20.0,40.0,0.0,40.0,60.0,0.0,0.0
19.2807,-12.118,-19.907,0.011,1.0794,escape,1.5,-0.432,0.534,0.8,80.0,80.0,0.0,0.0,0.0,0.0,20.0,20.0,40.0,20.0,40.0,60.0,0.0,0.0
19.314,-12.12,-19.625,-0.129,1.2325,escape,1.5,0.741,1.0,0.607,80.0,80.0,0.0,0.0,0.0,0.0,20.0,20.0,40.0,20.0,40.0,60.0,0.0,0.0
19.3473,-12.167,-19.598,-0.108,1.3061,escape,1.5,0.741,1.0,0.607,80.0,80.0,0.0,0.0,0.0,0.0,20.0,20.0,40.0,20.0,40.0,60.0,0.0,0.0
19.3806,-11.902,-19.687,-0.077,1.0379,escape,1.5,0.741,1.0,0.607,80.0,80.0,0.0,0.0,0.0,0.0,20.0,20.0,40.0,20.0,40.0,60.0,0.0,0.0
19.4139,-11.848,-19.638,0.002,1.0962,escape,1.476,1.124,1.0,0.281,80.0,80.0,0.0,0.0,0.0,0.0,20.0,20.0,40.0,20.0,40.0,60.0,0.0,0.0
19.4472,-11.602,-19.653,0.069,0.8243,escape,1.476,1.124,1.0,0.281,80.0,80.0,0.0,0.0,0.0,0.0,20.0,20.0,40.0,20.0,40.0,60.0,0.0,0.0
19.4805,-11.36,-19.487,-0.073,0.7118,escape,1.476,1.124,1.0,0.281,80.0,80.0,0.0,0.0,0.0,0.0,20.0,20.0,40.0,20.0,40.0,60.0,0.0,0.0
19.5138,-11.354,-19.588,-0.038,0.7586,escape,-0.5,1.5,0.5,-0.8,80.0,80.0,0.0,0.0,0.0,0.0,20.0,20.0,40.0,20.0,40.0,60.0,0.0,0.0
19.5471,-11.305,-19.51,-0.029,0.7514,escape,-0.5,1.5,0.5,-0.8,80.0,80.0,0.0,0.0,0.0,0.0,20.0,20.0,40.0,20.0,40.0,60.0,0.0,0.0
19.5804,-11.441,-19.4,-0.033,0.9333,escape,-0.5,1.5,0.5,-0.8,60.0,80.0,0.0,0.0,0.0,0.0,20.0,20.0,40.0,20.0,40.0,60.0,0.0,0.0
19.6137,-11.194,-19.338,-0.132,0.8396,walking,0.21,0.19,0.2,0.016,60.0,60.0,0.0,0.0,0.0,0.0,20.0,20.0,40.0,20.0,40.0,60.0,0.0,0.0
19.647,-11.132,-19.38,-0.131,0.8407,walking,0.21,0.19,0.2,0.016,60.0,60.0,0.0,0.0,0.0,0.0,20.0,20.0,40.0,20.0,40.0,60.0,0.0,0.0
19.6803,-11.113,-19.292,-0.048,0.897,walking,0.21,0.19,0.2,0.016,60.0,60.0,0.0,0.0,0.0,0.0,20.0,20.0,40.0,20.0,40.0,60.0,0.0,0.0
19.7136,-11.072,-19.279,-0.109,0.7999,walking,0.21,0.19,0.2,0.016,60.0,60.0,0.0,0.0,0.0,0.0,20.0,20.0,40.0,20.0,40.0,60.0,0.0,0.0
19.7469,-11.061,-19.234,-0.105,0.8298,walking,0.21,0.19,0.2,0.016,60.0,60.0,0.0,0.0,0.0,0.0,20.0,20.0,40.0,20.0,40.0,60.0,0.0,0.0
19.7802,-10.987,-19.264,-0.082,0.7703,walking,0.21,0.19,0.2,0.016,60.0,60.0,0.0,0.0,0.0,0.0,20.0,20.0,40.0,20.0,40.0,60.0,0.0,0.0
19.8135,-10.938,-19.281,-0.009,0.7487,walking,0.21,0.19,0.2,0.016,60.0,60.0,0.0,0.0,0.0,0.0,20.0,20.0,40.0,20.0,40.0,60.0,0.0,0.0
19.8468,-10.981,-19.13,0.092,0.846,walking,0.21,0.19,0.2,0.016,60.0,60.0,0.0,0.0,0.0,0.0,20.0,20.0,40.0,20.0,40.0,60.0,0.0,0.0
19.8801,-10.798,-19.246,-0.06,0.7014,walking,0.21,0.19,0.2,0.016,60.0,60.0,0.0,0.0,0.0,0.0,20.0,20.0,40.0,20.0,40.0,60.0,0.0,0.0
19.9134,-10.858,-19.158,-0.116,0.7748,walking,0.21,0.19,0.2,0.016,60.0,60.0,0.0,0.0,0.0,0.0,20.0,20.0,40.0,20.0,40.0,60.0,0.0,0.0
19.9467,-10.787,-19.236,-0.004,0.7296,walking,0.2,0.2,0.2,0.0,60.0,60.0,0.0,0.0,0.0,0.0,20.0,20.0,20.0,20.0,40.0,60.0,0.0,0.0
19.98,-10.714,-19.266,0.07,0.6523,walking,0.2,0.2,0.2,0.0,60.0,60.0,0.0,0.0,0.0,0.0,20.0,20.0,20.0,20.0,40.0,60.0,0.0,0.0
20.0133,-10.726,-19.135,0.116,0.7396,walking,0.2,0.2,0.2,0.0,60.0,60.0,0.0,0.0,0.0,0.0,20.0,20.0,20.0,20.0,40.0,60.0,0.0,0.0
20.0466,-10.482,-19.337,-0.002,0.627,walking,0.2,0.2,0.2,0.0,60.0,60.0,0.0,0.0,0.0,0.0,20.0,20.0,20.0,20.0,40.0,60.0,0.0,0.0
20.0799,-10.522,-19.225,-0.116,0.6838,walking,0.2,0.2,0.2,0.0,60.0,60.0,0.0,0.0,0.0,0.0,20.0,20.0,20.0,20.0,40.0,60.0,0.0,0.0
20.1132,-10.42,-19.361,0.049,0.5779,walking,0.18,0.22,0.2,-0.032,60.0,60.0,0.0,0.0,0.0,0.0,0.0,20.0,20.0,20.0,40.0,60.0,0.0,0.0
20.1465,-10.318,-19.417,0.127,0.5881,walking,0.18,0.22,0.2,-0.032,60.0,60.0,0.0,0.0,0.0,0.0,0.0,20.0,20.0,20.0,40.0,60.0,0.0,0.0
20.1798,-10.261,-19.255,0.111,0.5441,walking,0.18,0.22,0.2,-0.032,60.0,60.0,0.0,0.0,0.0,0.0,0.0,20.0,20.0,20.0,40.0,60.0,0.0,0.0
20.2131,-10.027,-19.543,0.086,0.4136,walking,0.18,0.22,0.2,-0.032,60.0,60.0,0.0,0.0,0.0,0.0,0.0,20.0,20.0,20.0,40.0,80.0,0.0,0.0
20.2464,-10.296,-19.264,-0.115,0.6209,walking,0.18,0.22,0.2,-0.032,60.0,60.0,0.0,0.0,0.0,0.0,0.0,20.0,20.0,20.0,40.0,80.0,0.0,0.0
20.2797,-9.778,-18.749,0.4,0.6606,walking,0.18,0.22,0.2,-0.032,60.0,60.0,0.0,0.0,0.0,0.0,0.0,20.0,20.0,20.0,40.0,80.0,0.0,0.0
20.313,-9.398,-18.13,0.127,1.0468,walking,0.18,0.22,0.2,-0.032,60.0,60.0,0.0,0.0,0.0,0.0,0.0,20.0,20.0,20.0,40.0,80.0,0.0,0.0
20.3463,-9.205,-17.958,0.11,0.9149,walking,0.18,0.22,0.2,-0.032,60.0,60.0,0.0,0.0,0.0,0.0,0.0,20.0,20.0,20.0,40.0,80.0,0.0,0.0
20.3796,-8.824,-18.28,0.097,0.6918,walking,0.18,0.22,0.2,-0.032,60.0,60.0,0.0,0.0,0.0,0.0,0.0,20.0,20.0,20.0,40.0,80.0,0.0,0.0
20.4129,-9.168,-18.013,-0.128,0.9205,walking,0.18,0.22,0.2,-0.032,60.0,60.0,0.0,0.0,0.0,0.0,0.0,20.0,20.0,20.0,40.0,80.0,0.0,0.0
20.4462,-9.013,-18.12,0.122,0.6822,walking,0.158,0.193,0.175,-0.028,60.0,60.0,0.0,0.0,0.0,0.0,0.0,20.0,20.0,20.0,40.0,60.0,0.0,0.0
20.4795,-8.807,-18.035,-0.129,0.8408,walking,0.158,0.193,0.175,-0.028,60.0,60.0,0.0,0.0,0.0,0.0,0.0,20.0,20.0,20.0,40.0,60.0,0.0,0.0
20.5128,-8.736,-17.861,0.643,0.8452,walking,0.158,0.193,0.175,-0.028,60.0,40.0,0.0,0.0,0.0,0.0,0.0,20.0,20.0,20.0,40.0,60.0,0.0,0.0
20.5461,-8.131,-17.829,0.107,0.5323,walking,0.158,0.193,0.175,-0.028,60.0,40.0,0.0,0.0,0.0,0.0,0.0,20.0,20.0,20.0,40.0,60.0,0.0,0.0
20.5794,-8.186,-17.751,-0.132,0.5197,walking,0.158,0.193,0.175,-0.028,60.0,40.0,0.0,0.0,0.0,0.0,0.0,20.0,20.0,20.0,40.0,60.0,0.0,0.0
20.6127,-8.137,-17.819,-0.037,0.4427,walking,0.158,0.193,0.175,-0.028,60.0,40.0,0.0,0.0,0.0,0.0,0.0,20.0,20.0,20.0,40.0,60.0,0.0,0.0
20.646,-8.034,-17.726,-0.112,0.6201,walking,0.158,0.193,0.175,-0.028,60.0,40.0,0.0,0.0,0.0,0.0,0.0,20.0,20.0,20.0,40.0,60.0,0.0,0.0
20.6793,-7.782,-18.092,0.106,0.0529,escape,-0.294,1.5,0.603,-0.8,80.0,60.0,0.0,0.0,0.0,0.0,0.0,20.0,20.0,20.0,40.0,60.0,0.0,0.0
20.7126,-7.694,-18.059,-0.133,-0.1017,escape,-0.5,1.5,0.5,-0.8,80.0,60.0,0.0,0.0,0.0,0.0,0.0,20.0,20.0,20.0,40.0,60.0,0.0,0.0
20.7459,-7.602,-18.01,-0.023,-0.1338,escape,-0.5,1.5,0.5,-0.8,80.0,60.0,0.0,0.0,0.0,0.0,0.0,20.0,20.0,20.0,40.0,60.0,0.0,0.0
20.7792,-7.553,-17.745,-0.123,-0.0435,escape,-0.5,1.5,0.5,-0.8,80.0,60.0,0.0,0.0,0.0,0.0,0.0,20.0,20.0,20.0,40.0,80.0,0.0,0.0
20.8125,-7.442,-17.89,-0.144,-0.0905,escape,-0.074,1.5,0.713,-0.8,80.0,60.0,0.0,0.0,0.0,0.0,0.0,20.0,20.0,20.0,40.0,80.0,0.0,0.0
20.8458,-7.648,-17.532,0.084,0.1676,escape,-0.074,1.5,0.713,-0.8,80.0,60.0,0.0,0.0,0.0,0.0,0.0,20.0,20.0,20.0,40.0,80.0,0.0,0.0
20.8791,-7.412,-17.512,-0.123,0.0348,escape,-0.074,1.5,0.713,-0.8,80.0,60.0,0.0,0.0,0.0,0.0,0.0,20.0,20.0,20.0,40.0,80.0,0.0,0.0
20.9124,-7.325,-17.471,-0.053,0.0322,escape,0.349,1.5,0.924,-0.8,80.0,60.0,0.0,0.0,0.0,0.0,0.0,20.0,20.0,20.0,40.0,80.0,0.0,0.0
20.9457,-7.328,-17.265,-0.111,0.2151,escape,0.349,1.5,0.924,-0.8,60.0,60.0,0.0,0.0,0.0,0.0,0.0,20.0,20.0,20.0,40.0,80.0,0.0,0.0
20.979,-7.233,-17.343,-0.136,0.1301,walking,0.202,0.247,0.225,-0.036,60.0,60.0,0.0,0.0,0.0,0.0,0.0,20.0,20.0,20.0,60.0,80.0,0.0,0.0
21.0123,-7.204,-17.244,0.022,0.192,walking,0.202,0.247,0.225,-0.036,60.0,60.0,0.0,0.0,0.0,0.0,0.0,20.0,20.0,20.0,60.0,80.0,0.0,0.0
21.0456,-7.169,-17.283,-0.113,0.1133,walking,0.202,0.247,0.225,-0.036,60.0,60.0,0.0,0.0,0.0,0.0,0.0,20.0,20.0,20.0,60.0,80.0,0.0,0.0
21.0789,-7.138,-17.247,-0.116,0.1322,walking,0.202,0.247,0.225,-0.036,60.0,60.0,0.0,0.0,0.0,0.0,0.0,20.0,20.0,20.0,60.0,80.0,0.0,0.0
21.1122,-7.105,-17.3,-0.034,0.0875,walking,0.202,0.247,0.225,-0.036,60.0,60.0,0.0,0.0,0.0,0.0,0.0,20.0,20.0,20.0,60.0,80.0,0.0,0.0
21.1455,-7.035,-17.333,-0.004,0.0565,walking,0.18,0.22,0.2,-0.032,60.0,60.0,0.0,0.0,0.0,0.0,0.0,20.0,20.0,20.0,60.0,60.0,0.0,0.0
21.1788,-6.942,-17.213,0.107,0.1001,walking,0.18,0.22,0.2,-0.032,60.0,60.0,0.0,0.0,0.0,0.0,0.0,20.0,20.0,20.0,60.0,60.0,0.0,0.0
21.2121,-6.932,-17.414,-0.068,-0.0236,walking,0.18,0.22,0.2,-0.032,60.0,60.0,0.0,0.0,0.0,0.0,0.0,20.0,20.0,20.0,60.0,60.0,0.0,0.0
21.2454,-6.903,-17.302,-0.096,0.0655,walking,0.18,0.22,0.2,-0.032,60.0,60.0,0.0,0.0,0.0,0.0,0.0,20.0,20.0,20.0,60.0,60.0,0.0,0.0
21.2787,-6.946,-17.449,0.05,-0.0012,walking,0.18,0.22,0.2,-0.032,60.0,60.0,0.0,0.0,0.0,0.0,0.0,20.0,20.0,20.0,60.0,60.0,0.0,0.0
21.312,-6.908,-17.52,0.1,-0.0469,walking,0.18,0.22,0.2,-0.032,60.0,60.0,0.0,0.0,0.0,0.0,0.0,20.0,20.0,20.0,60.0,60.0,0.0,0.0
21.3453,-6.753,-17.432,0.151,-0.0469,walking,0.18,0.22,0.2,-0.032,60.0,60.0,0.0,0.0,0.0,0.0,0.0,20.0,20.0,20.0,60.0,60.0,0.0,0.0
21.3786,-6.849,-17.712,-0.01,-0.1641,walking,0.18,0.22,0.2,-0.032,60.0,60.0,0.0,0.0,0.0,0.0,0.0,20.0,20.0,20.0,60.0,60.0,0.0,0.0
21.4119,-6.842,-17.422,-0.103,0.0299,walking,0.18,0.22,0.2,-0.032,60.0,60.0,0.0,0.0,0.0,0.0,0.0,20.0,20.0,20.0,60.0,60.0,0.0,0.0
21.4452,-6.719,-17.534,0.058,-0.2058,walking,0.18,0.22,0.2,-0.032,60.0,60.0,0.0,0.0,0.0,0.0,0.0,20.0,20.0,20.0,60.0,60.0,0.0,0.0
21.4785,-7.281,-16.961,1.004,1.0366,walking,0.18,0.22,0.2,-0.032,60.0,60.0,0.0,0.0,0.0,0.0,0.0,20.0,20.0,20.0,60.0,60.0,0.0,0.0
21.5118,-6.546,-16.05,0.094,0.6639,walking,0.18,0.22,0.2,-0.032,60.0,60.0,0.0,0.0,0.0,0.0,0.0,20.0,20.0,20.0,60.0,60.0,0.0,0.0
21.5451,-6.236,-16.431,0.87,-0.1017,walking,0.18,0.22,0.2,-0.032,60.0,60.0,0.0,0.0,0.0,0.0,0.0,20.0,20.0,20.0,60.0,60.0,0.0,0.0
21.5784,-5.776,-16.246,-0.113,-0.1461,walking,0.18,0.22,0.2,-0.032,60.0,60.0,0.0,0.0,0.0,0.0,0.0,20.0,20.0,20.0,60.0,60.0,0.0,0.0
21.6117,-5.855,-16.404,0.069,-0.2743,walking,0.18,0.22,0.2,-0.032,60.0,60.0,0.0,0.0,0.0,0.0,0.0,20.0,20.0,20.0,60.0,60.0,0.0,0.0
21.645,-5.875,-16.561,-0.063,-0.332,walking,0.202,0.247,0.225,-0.036,60.0,60.0,0.0,0.0,0.0,0.0,0.0,20.0,20.0,20.0,80.0,60.0,0.0,0.0
21.6783,-5.756,-16.585,0.159,-0.3821,walking,0.202,0.247,0.225,-0.036,60.0,60.0,0.0,0.0,0.0,0.0,0.0,20.0,20.0,20.0,80.0,60.0,0.0,0.0
21.7116,-5.957,-16.687,-0.107,-0.4482,walking,0.202,0.247,0.225,-0.036,60.0,60.0,0.0,0.0,0.0,0.0,0.0,20.0,20.0,20.0,80.0,60.0,0.0,0.0
21.7449,-5.897,-16.656,-0.107,-0.4052,walking,0.202,0.247,0.225,-0.036,60.0,60.0,0.0,0.0,0.0,0.0,0.0,20.0,20.0,20.0,80.0,60.0,0.0,0.0
21.7782,-5.543,-16.826,0.429,-0.5422,walking,0.18,0.22,0.2,-0.032,60.0,60.0,0.0,0.0,0.0,0.0,0.0,20.0,20.0,20.0,60.0,60.0,0.0,0.0
21.8115,-4.76,-16.698,0.026,0.0369,walking,0.18,0.22,0.2,-0.032,60.0,60.0,0.0,0.0,0.0,0.0,0.0,20.0,20.0,20.0,60.0,60.0,0.0,0.0
21.8448,-4.596,-16.723,0.154,-0.0091,walking,0.18,0.22,0.2,-0.032,60.0,60.0,0.0,0.0,0.0,0.0,0.0,20.0,20.0,20.0,60.0,60.0,0.0,0.0
21.8781,-4.74,-16.952,-0.12,-0.0713,walking,0.18,0.22,0.2,-0.032,60.0,60.0,0.0,0.0,0.0,0.0,0.0,20.0,20.0,20.0,60.0,60.0,0.0,0.0
21.9114,-4.696,-16.943,-0.101,-0.0593,walking,0.18,0.22,0.2,-0.032,60.0,60.0,0.0,0.0,0.0,0.0,0.0,20.0,20.0,20.0,60.0,60.0,0.0,0.0
21.9447,-4.473,-16.963,0.248,-0.1642,walking,0.203,0.248,0.225,-0.036,60.0,60.0,0.0,0.0,0.0,0.0,0.0,20.0,20.0,20.0,60.0,60.0,0.0,0.0
21.978,-3.796,-16.804,0.192,0.0449,walking,0.203,0.248,0.225,-0.036,60.0,60.0,0.0,0.0,0.0,0.0,0.0,20.0,20.0,20.0,60.0,60.0,0.0,0.0
22.0113,-3.57,-16.792,0.135,-0.0174,walking,0.203,0.248,0.225,-0.036,60.0,60.0,0.0,0.0,0.0,0.0,0.0,20.0,20.0,20.0,60.0,60.0,0.0,0.0
22.0446,-3.564,-16.996,-0.108,-0.1971,walking,0.203,0.248,0.225,-0.036,60.0,60.0,0.0,0.0,0.0,0.0,0.0,20.0,20.0,20.0,60.0,60.0,0.0,0.0
22.0779,-3.5,-16.984,-0.11,-0.1594,walking,0.203,0.248,0.225,-0.036,60.0,60.0,0.0,0.0,0.0,0.0,0.0,20.0,20.0,20.0,60.0,60.0,0.0,0.0
22.1112,-3.112,-17.08,0.379,-0.3074,walking,0.203,0.248,0.225,-0.036,60.0,60.0,0.0,0.0,0.0,0.0,0.0,20.0,20.0,20.0,60.0,60.0,0.0,0.0
22.1445,-2.403,-17.042,0.031,-0.0434,walking,0.203,0.248,0.225,-0.036,60.0,60.0,0.0,0.0,0.0,0.0,0.0,20.0,20.0,20.0,60.0,60.0,0.0,0.0
22.1778,-2.194,-17.109,0.14,-0.1471,walking,0.203,0.248,0.225,-0.036,60.0,60.0,0.0,0.0,0.0,0.0,0.0,20.0,20.0,20.0,60.0,60.0,0.0,0.0
22.2111,-2.286,-17.356,-0.118,-0.2605,walking,0.203,0.248,0.225,-0.036,60.0,60.0,0.0,0.0,0.0,0.0,0.0,20.0,20.0,20.0,60.0,60.0,0.0,0.0
22.2444,-2.233,-17.344,-0.111,-0.2363,walking,0.18,0.22,0.2,-0.032,60.0,60.0,0.0,0.0,0.0,0.0,0.0,20.0,20.0,20.0,40.0,60.0,0.0,0.0
22.2777,-2.16,-17.42,0.289,-0.4334,walking,0.18,0.22,0.2,-0.032,60.0,40.0,0.0,0.0,0.0,0.0,0.0,20.0,20.0,20.0,40.0,60.0,0.0,0.0
22.311,-2.523,-17.58,0.478,-0.8197,walking,0.18,0.22,0.2,-0.032,60.0,40.0,0.0,0.0,0.0,0.0,0.0,20.0,20.0,20.0,40.0,60.0,0.0,0.0
22.3443,-1.954,-17.682,0.155,-0.6378,walking,0.18,0.22,0.2,-0.032,60.0,40.0,0.0,0.0,0.0,0.0,0.0,20.0,20.0,20.0,40.0,60.0,0.0,0.0
22.3776,-2.146,-17.771,-0.119,-0.6379,walking,0.18,0.22,0.2,-0.032,60.0,40.0,0.0,0.0,0.0,0.0,0.0,20.0,20.0,20.0,40.0,60.0,0.0,0.0
22.4109,-2.097,-17.779,-0.101,-0.6234,walking,0.18,0.22,0.2,-0.032,40.0,40.0,0.0,0.0,0.0,0.0,0.0,20.0,20.0,20.0,40.0,60.0,0.0,0.0
22.4442,-1.837,-18.057,0.763,-0.9465,walking,0.18,0.22,0.2,-0.032,40.0,40.0,0.0,0.0,0.0,0.0,0.0,20.0,20.0,20.0,40.0,60.0,0.0,0.0
22.4775,-2.596,-18.854,0.437,1.5251,walking,0.18,0.22,0.2,-0.032,40.0,40.0,0.0,0.0,0.0,0.0,0.0,20.0,20.0,20.0,40.0,60.0,0.0,0.0
22.5108,-2.928,-18.725,0.111,0.2536,walking,0.18,0.22,0.2,-0.032,40.0,40.0,0.0,0.0,0.0,0.0,0.0,20.0,20.0,20.0,40.0,60.0,0.0,0.0
22.5441,-2.266,-18.159,1.099,1.0258,walking,0.18,0.22,0.2,-0.032,40.0,40.0,0.0,0.0,0.0,0.0,0.0,20.0,20.0,20.0,40.0,60.0,0.0,0.0
22.5774,-1.743,-17.981,-0.124,0.2304,walking,0.18,0.22,0.2,-0.032,40.0,40.0,0.0,0.0,0.0,0.0,0.0,20.0,20.0,20.0,40.0,60.0,0.0,0.0
22.6107,-1.623,-18.034,0.262,0.0674,walking,0.18,0.22,0.2,-0.032,40.0,40.0,0.0,0.0,0.0,0.0,0.0,20.0,20.0,20.0,40.0,60.0,0.0,0.0
22.644,-1.503,-18.384,-0.101,-0.3595,walking,0.18,0.22,0.2,-0.032,40.0,40.0,0.0,0.0,0.0,0.0,0.0,20.0,20.0,20.0,40.0,60.0,0.0,0.0
22.6773,-1.387,-18.38,0.135,-0.3565,walking,0.18,0.22,0.2,-0.032,40.0,40.0,0.0,0.0,0.0,0.0,0.0,20.0,20.0,20.0,40.0,60.0,0.0,0.0
22.7106,-1.537,-18.544,-0.122,-0.4083,walking,0.18,0.22,0.2,-0.032,40.0,40.0,0.0,0.0,0.0,0.0,0.0,20.0,20.0,20.0,40.0,60.0,0.0,0.0
22.7439,-1.487,-18.541,-0.11,-0.3902,walking,0.18,0.22,0.2,-0.032,40.0,40.0,0.0,0.0,0.0,0.0,0.0,20.0,20.0,20.0,40.0,60.0,0.0,0.0
22.7772,-1.548,-18.628,0.135,-0.5538,walking,0.18,0.22,0.2,-0.032,60.0,40.0,0.0,0.0,0.0,0.0,0.0,20.0,20.0,20.0,40.0,60.0,0.0,0.0
22.8105,-1.663,-18.761,-0.026,-0.5607,walking,0.18,0.22,0.2,-0.032,60.0,40.0,0.0,0.0,0.0,0.0,0.0,20.0,20.0,20.0,40.0,60.0,0.0,0.0
22.8438,-1.525,-18.814,0.187,-0.6232,walking,0.18,0.22,0.2,-0.032,60.0,40.0,0.0,0.0,0.0,0.0,0.0,20.0,20.0,20.0,40.0,60.0,0.0,0.0
22.8771,-0.451,-18.904,0.723,-0.0239,walking,0.18,0.22,0.2,-0.032,60.0,40.0,0.0,0.0,0.0,0.0,0.0,20.0,20.0,20.0,40.0,60.0,0.0,0.0
22.9104,0.152,-18.77,-0.105,0.0827,walking,0.2,0.2,0.2,0.0,60.0,40.0,0.0,0.0,0.0,0.0,0.0,0.0,20.0,20.0,40.0,60.0,0.0,0.0
22.9437,0.079,-19.001,0.118,-0.1466,walking,0.2,0.2,0.2,0.0,60.0,40.0,0.0,0.0,0.0,0.0,0.0,0.0,20.0,20.0,60.0,60.0,0.0,0.0
22.977,-0.108,-19.23,-0.11,-0.2135,walking,0.225,0.225,0.225,0.0,60.0,40.0,0.0,0.0,0.0,0.0,0.0,0.0,20.0,20.0,60.0,80.0,0.0,0.0
23.0103,0.1,-19.34,0.276,-0.4008,walking,0.225,0.225,0.225,0.0,60.0,40.0,0.0,0.0,0.0,0.0,0.0,0.0,20.0,20.0,60.0,80.0,0.0,0.0
23.0436,0.136,-19.615,0.116,-0.7901,walking,0.225,0.225,0.225,0.0,60.0,40.0,0.0,0.0,0.0,0.0,0.0,0.0,20.0,20.0,60.0,80.0,0.0,0.0
23.0769,0.146,-19.635,-0.129,-0.8275,walking,0.2,0.2,0.2,0.0,60.0,40.0,0.0,0.0,0.0,0.0,0.0,0.0,20.0,20.0,60.0,80.0,0.0,0.0
23.1102,0.068,-19.705,0.135,-0.9073,walking,0.2,0.2,0.2,0.0,60.0,40.0,0.0,0.0,0.0,0.0,0.0,0.0,20.0,20.0,60.0,80.0,0.0,0.0
23.1435,-0.118,-19.886,-0.03,-0.9818,walking,0.2,0.2,0.2,0.0,60.0,60.0,0.0,0.0,0.0,0.0,0.0,0.0,20.0,20.0,60.0,80.0,0.0,0.0
23.1768,0.003,-19.977,0.204,-0.9823,walking,0.2,0.2,0.2,0.0,60.0,60.0,0.0,0.0,0.0,0.0,0.0,0.0,20.0,20.0,60.0,80.0,0.0,0.0
23.2101,-0.359,-19.448,1.203,0.0598,walking,0.2,0.2,0.2,0.0,60.0,40.0,0.0,0.0,0.0,0.0,0.0,0.0,20.0,20.0,60.0,80.0,0.0,0.0
23.2434,-0.61,-19.932,-0.063,-1.1469,walking,0.2,0.2,0.2,0.0,60.0,40.0,0.0,0.0,0.0,0.0,0.0,0.0,20.0,20.0,60.0,80.0,0.0,0.0
23.2767,-0.691,-20.022,0.094,-1.1976,walking,0.2,0.2,0.2,0.0,60.0,40.0,0.0,0.0,0.0,0.0,0.0,0.0,20.0,20.0,60.0,80.0,0.0,0.0
23.31,-0.77,-20.101,-0.052,-1.2659,walking,0.19,0.21,0.2,-0.016,60.0,40.0,0.0,0.0,0.0,0.0,0.0,0.0,0.0,20.0,60.0,80.0,0.0,0.0
23.3433,-0.693,-20.199,0.168,-1.2667,walking,0.19,0.21,0.2,-0.016,60.0,40.0,0.0,0.0,0.0,0.0,0.0,0.0,0.0,20.0,60.0,80.0,0.0,0.0
23.3766,-1.072,-20.196,-0.111,-1.4403,walking,0.214,0.236,0.225,-0.018,60.0,40.0,0.0,0.0,0.0,0.0,0.0,0.0,0.0,20.0,60.0,80.0,0.0,0.0
23.4099,-1.037,-20.25,-0.099,-1.3953,walking,0.214,0.236,0.225,-0.018,60.0,40.0,0.0,0.0,0.0,0.0,0.0,0.0,0.0,20.0,60.0,80.0,0.0,0.0
23.4432,-1.08,-20.385,-0.123,-1.5542,walking,0.19,0.21,0.2,-0.016,60.0,40.0,0.0,0.0,0.0,0.0,0.0,0.0,0.0,20.0,60.0,60.0,0.0,0.0
23.4765,-0.828,-18.961,1.852,1.5233,walking,0.214,0.236,0.225,-0.018,40.0,40.0,0.0,0.0,0.0,0.0,0.0,0.0,0.0,20.0,60.0,60.0,0.0,0.0
23.5098,-1.749,-20.175,0.525,-2.0916,walking,0.214,0.236,0.225,-0.018,40.0,40.0,0.0,0.0,0.0,0.0,0.0,0.0,0.0,20.0,60.0,60.0,0.0,0.0
23.5431,-1.985,-19.829,-0.108,-2.3693,walking,0.214,0.236,0.225,-0.018,40.0,40.0,0.0,0.0,0.0,0.0,0.0,0.0,0.0,20.0,60.0,60.0,0.0,0.0
23.5764,-2.009,-19.878,-0.106,-2.3451,walking,0.214,0.236,0.225,-0.018,40.0,40.0,0.0,0.0,0.0,0.0,0.0,0.0,0.0,20.0,60.0,60.0,0.0,0.0
23.6097,-2.053,-19.878,0.027,-2.3624,walking,0.237,0.262,0.25,-0.02,40.0,40.0,0.0,0.0,0.0,0.0,0.0,0.0,0.0,20.0,60.0,80.0,0.0,0.0
23.643,-2.203,-19.832,-0.002,-2.458,walking,0.237,0.262,0.25,-0.02,40.0,40.0,0.0,0.0,0.0,0.0,0.0,0.0,0.0,20.0,60.0,80.0,0.0,0.0
23.6763,-2.172,-20.005,0.112,-2.3595,walking,0.237,0.262,0.25,-0.02,40.0,40.0,0.0,0.0,0.0,0.0,0.0,0.0,0.0,20.0,60.0,80.0,0.0,0.0
23.7096,-2.329,-19.789,-0.097,-2.5217,walking,0.237,0.262,0.25,-0.02,40.0,40.0,0.0,0.0,0.0,0.0,0.0,0.0,0.0,20.0,60.0,80.0,0.0,0.0
23.7429,-2.334,-19.87,-0.095,-2.487,walking,0.25,0.25,0.25,0.0,60.0,40.0,0.0,0.0,0.0,0.0,0.0,0.0,20.0,20.0,60.0,80.0,0.0,0.0
23.7762,-2.38,-19.802,0.09,-2.5087,walking,0.25,0.25,0.25,0.0,60.0,40.0,0.0,0.0,0.0,0.0,0.0,0.0,20.0,20.0,60.0,80.0,0.0,0.0
23.8095,-2.529,-19.711,0.102,-2.6334,walking,0.25,0.25,0.25,0.0,60.0,40.0,0.0,0.0,0.0,0.0,0.0,0.0,20.0,20.0,60.0,80.0,0.0,0.0
23.8428,-2.548,-19.959,0.166,-2.5316,walking,0.275,0.225,0.25,0.04,60.0,40.0,0.0,0.0,0.0,0.0,20.0,0.0,20.0,20.0,60.0,80.0,0.0,0.0
23.8761,-2.707,-19.631,-0.066,-2.6807,walking,0.275,0.225,0.25,0.04,60.0,40.0,0.0,0.0,0.0,0.0,20.0,0.0,20.0,20.0,60.0,80.0,0.0,0.0
23.9094,-2.593,-19.822,-0.076,-2.5388,walking,0.275,0.225,0.25,0.04,60.0,40.0,0.0,0.0,0.0,0.0,20.0,0.0,20.0,20.0,60.0,80.0,0.0,0.0
23.9427,-2.72,-19.824,0.118,-2.6614,walking,0.275,0.225,0.25,0.04,60.0,40.0,0.0,0.0,0.0,0.0,20.0,0.0,20.0,20.0,60.0,80.0,0.0,0.0
23.976,-2.927,-19.789,0.054,-2.5498,walking,0.275,0.225,0.25,0.04,60.0,40.0,0.0,0.0,0.0,0.0,20.0,0.0,20.0,20.0,60.0,80.0,0.0,0.0
24.0093,-2.83,-20.004,0.178,-2.5555,walking,0.275,0.225,0.25,0.04,60.0,40.0,0.0,0.0,0.0,0.0,20.0,0.0,20.0,20.0,60.0,80.0,0.0,0.0
24.0426,-3.01,-19.644,-0.035,-2.7286,walking,0.275,0.225,0.25,0.04,60.0,40.0,0.0,0.0,0.0,0.0,20.0,0.0,20.0,20.0,60.0,80.0,0.0,0.0
24.0759,-2.79,-19.868,-0.015,-2.4403,walking,0.275,0.225,0.25,0.04,60.0,40.0,0.0,0.0,0.0,0.0,20.0,0.0,20.0,20.0,60.0,80.0,0.0,0.0
24.1092,-2.963,-19.989,0.072,-2.5956,walking,0.275,0.225,0.25,0.04,60.0,40.0,0.0,0.0,0.0,0.0,20.0,0.0,20.0,20.0,60.0,80.0,0.0,0.0
24.1425,-3.604,-19.61,0.042,3.0821,walking,0.275,0.225,0.25,0.04,60.0,40.0,0.0,0.0,0.0,0.0,20.0,0.0,20.0,20.0,60.0,80.0,0.0,0.0
24.1758,-3.698,-20.008,0.143,3.0637,walking,0.275,0.225,0.25,0.04,60.0,40.0,0.0,0.0,0.0,0.0,20.0,0.0,20.0,20.0,60.0,80.0,0.0,0.0
24.2091,-3.695,-19.643,-0.043,2.8522,walking,0.275,0.225,0.25,0.04,60.0,40.0,0.0,0.0,0.0,0.0,20.0,0.0,20.0,20.0,60.0,80.0,0.0,0.0
24.2424,-3.733,-19.953,-0.024,3.0395,walking,0.275,0.225,0.25,0.04,60.0,60.0,0.0,0.0,0.0,0.0,20.0,0.0,20.0,20.0,60.0,80.0,0.0,0.0
24.2757,-3.976,-19.712,-0.044,2.6995,walking,0.275,0.225,0.25,0.04,60.0,60.0,0.0,0.0,0.0,0.0,20.0,0.0,20.0,20.0,60.0,80.0,0.0,0.0
24.309,-3.98,-19.777,0.116,2.7161,walking,0.287,0.212,0.25,0.06,60.0,60.0,0.0,0.0,0.0,0.0,20.0,0.0,20.0,0.0,60.0,80.0,0.0,0.0
24.3423,-4.001,-19.926,-0.114,2.853,walking,0.3,0.2,0.25,0.08,60.0,60.0,0.0,0.0,0.0,0.0,20.0,0.0,40.0,0.0,60.0,80.0,0.0,0.0
24.3756,-3.856,-20.022,0.094,2.8774,walking,0.3,0.2,0.25,0.08,60.0,60.0,0.0,0.0,0.0,0.0,20.0,0.0,40.0,0.0,60.0,80.0,0.0,0.0
24.4089,-3.896,-19.965,-0.103,2.8437,walking,0.3,0.2,0.25,0.08,60.0,60.0,0.0,0.0,0.0,0.0,20.0,0.0,40.0,0.0,60.0,80.0,0.0,0.0
24.4422,-3.913,-19.733,0.019,2.4888,walking,0.3,0.2,0.25,0.08,60.0,60.0,0.0,0.0,0.0,0.0,20.0,0.0,40.0,0.0,60.0,80.0,0.0,0.0
24.4755,-2.825,-19.389,-0.116,1.7064,walking,0.33,0.22,0.275,0.088,60.0,60.0,0.0,0.0,0.0,0.0,20.0,0.0,40.0,0.0,60.0,100.0,0.0,0.0
24.5088,-2.803,-19.203,0.271,1.6202,walking,0.33,0.22,0.275,0.088,60.0,60.0,0.0,0.0,0.0,0.0,20.0,0.0,40.0,0.0,60.0,100.0,0.0,0.0
24.5421,-2.841,-19.569,0.287,1.6658,walking,0.33,0.22,0.275,0.088,60.0,60.0,0.0,0.0,0.0,0.0,20.0,0.0,40.0,0.0,60.0,100.0,0.0,0.0
24.5754,-2.899,-19.404,-0.126,1.7789,walking,0.33,0.22,0.275,0.088,60.0,60.0,0.0,0.0,0.0,0.0,20.0,0.0,40.0,0.0,60.0,100.0,0.0,0.0
24.6087,-2.85,-19.345,0.114,1.725,walking,0.36,0.24,0.3,0.096,60.0,60.0,0.0,0.0,0.0,0.0,20.0,0.0,40.0,0.0,80.0,100.0,0.0,0.0
24.642,-2.698,-19.29,-0.021,1.7447,walking,0.36,0.24,0.3,0.096,60.0,60.0,0.0,0.0,0.0,0.0,20.0,0.0,40.0,0.0,80.0,100.0,0.0,0.0
24.6753,-2.786,-19.178,0.174,1.782,walking,0.36,0.24,0.3,0.096,60.0,60.0,0.0,0.0,0.0,0.0,20.0,0.0,40.0,0.0,80.0,100.0,0.0,0.0
24.7086,-2.534,-19.216,-0.087,1.6739,walking,0.36,0.24,0.3,0.096,60.0,60.0,0.0,0.0,0.0,0.0,20.0,0.0,40.0,0.0,80.0,100.0,0.0,0.0
24.7419,-2.606,-19.171,-0.082,1.7479,escape,0.375,1.5,0.937,-0.8,80.0,60.0,0.0,0.0,0.0,0.0,20.0,0.0,40.0,0.0,80.0,100.0,0.0,0.0
24.7752,-2.652,-19.032,0.126,1.6538,escape,0.375,1.5,0.937,-0.8,80.0,60.0,0.0,0.0,0.0,0.0,20.0,0.0,40.0,0.0,80.0,100.0,0.0,0.0
24.8085,-2.574,-18.911,0.002,1.6053,escape,1.5,0.463,0.981,0.8,80.0,60.0,0.0,0.0,0.0,0.0,20.0,0.0,40.0,0.0,80.0,100.0,0.0,0.0
24.8418,-2.691,-18.815,0.251,1.754,escape,1.5,0.463,0.981,0.8,80.0,60.0,0.0,0.0,0.0,0.0,20.0,0.0,40.0,0.0,80.0,100.0,0.0,0.0
24.8751,-2.691,-18.618,-0.012,1.5744,escape,1.5,0.463,0.981,0.8,80.0,60.0,0.0,0.0,0.0,0.0,20.0,0.0,40.0,0.0,80.0,100.0,0.0,0.0
24.9084,-2.545,-18.547,-0.135,1.5221,escape,1.5,-0.5,0.5,0.8,80.0,60.0,0.0,0.0,0.0,0.0,20.0,0.0,40.0,0.0,80.0,100.0,0.0,0.0
24.9417,-2.648,-18.452,-0.147,1.5326,escape,1.5,-0.5,0.5,0.8,80.0,60.0,0.0,0.0,0.0,0.0,20.0,0.0,40.0,0.0,80.0,100.0,0.0,0.0
24.975,-2.278,-18.687,0.128,1.2525,escape,1.5,-0.5,0.5,0.8,80.0,60.0,0.0,0.0,0.0,0.0,20.0,0.0,40.0,0.0,80.0,100.0,0.0,0.0
25.0083,-2.186,-18.428,-0.121,1.2325,escape,1.5,-0.25,0.625,0.8,80.0,60.0,0.0,0.0,0.0,0.0,20.0,0.0,40.0,0.0,80.0,100.0,0.0,0.0
25.0416,-2.023,-18.443,0.012,1.1521,escape,1.5,-0.25,0.625,0.8,80.0,60.0,0.0,0.0,0.0,0.0,20.0,0.0,40.0,0.0,80.0,100.0,0.0,0.0
25.0749,-1.833,-18.396,-0.107,1.1344,escape,1.5,-0.25,0.625,0.8,80.0,60.0,0.0,0.0,0.0,0.0,20.0,0.0,40.0,0.0,80.0,100.0,0.0,0.0
25.1082,-1.901,-18.246,-0.147,1.1707,escape,1.5,0.607,1.0,0.714,80.0,60.0,0.0,0.0,0.0,0.0,20.0,0.0,40.0,0.0,80.0,100.0,0.0,0.0
25.1415,-1.725,-18.406,0.084,1.0165,escape,1.5,0.607,1.0,0.714,80.0,60.0,0.0,0.0,0.0,0.0,20.0,0.0,40.0,0.0,80.0,100.0,0.0,0.0
25.1748,-1.589,-18.232,-0.015,1.1478,escape,1.5,0.607,1.0,0.714,80.0,60.0,0.0,0.0,0.0,0.0,20.0,0.0,40.0,0.0,80.0,100.0,0.0,0.0
25.2081,-1.486,-18.263,0.071,0.9493,escape,1.5,0.352,0.926,0.8,80.0,60.0,0.0,0.0,0.0,0.0,20.0,0.0,40.0,0.0,80.0,100.0,0.0,0.0
25.2414,-1.422,-18.031,-0.121,1.0701,escape,1.5,0.352,0.926,0.8,80.0,60.0,0.0,0.0,0.0,0.0,20.0,0.0,40.0,0.0,80.0,100.0,0.0,0.0
25.2747,-1.338,-18.059,-0.126,1.079,escape,1.5,0.352,0.926,0.8,80.0,60.0,0.0,0.0,0.0,0.0,20.0,0.0,40.0,0.0,80.0,100.0,0.0,0.0
25.308,-1.151,-18.186,-0.057,0.804,escape,1.2,1.4,1.0,-0.16,80.0,60.0,0.0,0.0,0.0,0.0,20.0,0.0,40.0,0.0,80.0,100.0,0.0,0.0
25.3413,-1.194,-18.03,0.017,0.9866,escape,1.2,1.4,1.0,-0.16,80.0,60.0,0.0,0.0,0.0,0.0,20.0,0.0,40.0,0.0,100.0,100.0,0.0,0.0
25.3746,-1.037,-17.991,0.064,0.7685,escape,1.2,1.4,1.0,-0.16,80.0,60.0,0.0,0.0,0.0,0.0,20.0,0.0,40.0,0.0,100.0,100.0,0.0,0.0
25.4079,-0.813,-17.836,-0.059,0.7368,escape,1.5,0.901,1.0,0.479,80.0,60.0,0.0,0.0,0.0,0.0,20.0,0.0,40.0,0.0,100.0,100.0,0.0,0.0
25.4412,-0.844,-17.707,-0.098,0.8505,escape,1.5,0.901,1.0,0.479,80.0,60.0,0.0,0.0,0.0,0.0,20.0,0.0,40.0,0.0,100.0,100.0,0.0,0.0
25.4745,-0.525,-17.909,-0.079,0.5657,escape,1.5,0.901,1.0,0.479,80.0,60.0,0.0,0.0,0.0,0.0,20.0,0.0,40.0,0.0,100.0,100.0,0.0,0.0
25.5078,-0.524,-17.748,0.025,0.6699,escape,0.325,1.5,0.913,-0.8,80.0,60.0,0.0,0.0,0.0,0.0,20.0,0.0,40.0,0.0,100.0,100.0,0.0,0.0
25.5411,-0.372,-17.696,0.014,0.4912,escape,0.325,1.5,0.913,-0.8,80.0,60.0,0.0,0.0,0.0,0.0,20.0,0.0,40.0,0.0,100.0,100.0,0.0,0.0
25.5744,-0.257,-17.603,-0.058,0.523,escape,0.325,1.5,0.913,-0.8,80.0,60.0,0.0,0.0,0.0,0.0,20.0,0.0,40.0,0.0,100.0,100.0,0.0,0.0
25.6077,-0.308,-17.481,-0.107,0.6541,escape,-0.056,1.5,0.722,-0.8,80.0,60.0,0.0,0.0,0.0,0.0,20.0,0.0,40.0,0.0,100.0,100.0,0.0,0.0
25.641,-0.208,-17.487,-0.138,0.5195,escape,-0.056,1.5,0.722,-0.8,80.0,60.0,0.0,0.0,0.0,0.0,20.0,0.0,40.0,0.0,100.0,100.0,0.0,0.0
25.6743,-0.281,-17.354,0.058,0.6289,walking,0.42,0.28,0.35,0.112,60.0,40.0,0.0,0.0,0.0,0.0,20.0,0.0,40.0,0.0,100.0,100.0,0.0,0.0
25.7076,-0.077,-17.349,-0.134,0.4424,walking,0.42,0.28,0.35,0.112,60.0,40.0,0.0,0.0,0.0,0.0,20.0,0.0,40.0,0.0,100.0,100.0,0.0,0.0
25.7409,-0.083,-17.35,-0.12,0.4241,walking,0.42,0.28,0.35,0.112,60.0,60.0,0.0,0.0,0.0,0.0,20.0,0.0,40.0,0.0,100.0,100.0,0.0,0.0
25.7742,-0.029,-17.315,0.007,0.4595,walking,0.39,0.26,0.325,0.104,60.0,60.0,0.0,0.0,0.0,0.0,20.0,0.0,40.0,0.0,100.0,80.0,0.0,0.0
25.8075,0.101,-17.431,-0.003,0.333,walking,0.39,0.26,0.325,0.104,60.0,60.0,0.0,0.0,0.0,0.0,20.0,0.0,40.0,0.0,100.0,80.0,0.0,0.0
25.8408,0.144,-17.304,0.077,0.4128,walking,0.39,0.26,0.325,0.104,60.0,60.0,0.0,0.0,0.0,0.0,20.0,0.0,40.0,0.0,100.0,80.0,0.0,0.0
25.8741,0.219,-17.54,-0.107,0.2888,walking,0.39,0.26,0.325,0.104,60.0,60.0,0.0,0.0,0.0,0.0,20.0,0.0,40.0,0.0,100.0,80.0,0.0,0.0
25.9074,0.259,-17.533,-0.076,0.2883,walking,0.42,0.28,0.35,0.112,60.0,60.0,0.0,0.0,0.0,0.0,20.0,0.0,40.0,0.0,100.0,80.0,0.0,0.0
25.9407,0.344,-17.547,0.103,0.279,walking,0.438,0.262,0.35,0.14,80.0,60.0,0.0,0.0,0.0,0.0,20.0,0.0,60.0,0.0,100.0,80.0,0.0,0.0
25.974,0.457,-17.8,0.092,0.15,escape,1.5,0.372,0.936,0.8,80.0,60.0,0.0,0.0,0.0,0.0,20.0,0.0,60.0,0.0,80.0,80.0,0.0,0.0
26.0073,0.611,-17.653,0.163,0.2271,escape,0.41,1.5,0.955,-0.8,80.0,60.0,0.0,0.0,0.0,0.0,20.0,0.0,60.0,0.0,80.0,80.0,0.0,0.0
26.0406,0.72,-17.729,-0.095,0.0668,escape,0.41,1.5,0.955,-0.8,80.0,60.0,0.0,0.0,0.0,0.0,20.0,0.0,60.0,0.0,80.0,80.0,0.0,0.0
26.0739,0.848,-17.849,-0.106,-0.0725,escape,0.41,1.5,0.955,-0.8,80.0,60.0,0.0,0.0,0.0,0.0,20.0,0.0,60.0,0.0,80.0,80.0,0.0,0.0
26.1072,0.834,-17.566,-0.058,0.1804,escape,0.159,1.5,0.829,-0.8,80.0,60.0,0.0,0.0,0.0,0.0,20.0,0.0,60.0,0.0,80.0,80.0,0.0,0.0
26.1405,0.938,-17.622,-0.046,0.0374,escape,0.159,1.5,0.829,-0.8,80.0,60.0,0.0,0.0,0.0,0.0,20.0,0.0,60.0,0.0,80.0,80.0,0.0,0.0
26.1738,0.84,-17.377,0.128,0.3207,escape,0.159,1.5,0.829,-0.8,80.0,60.0,0.0,0.0,0.0,0.0,20.0,0.0,60.0,0.0,100.0,80.0,0.0,0.0
26.2071,1.011,-17.376,-0.122,0.2665,escape,0.544,1.5,1.0,-0.765,80.0,60.0,0.0,0.0,0.0,0.0,20.0,0.0,60.0,0.0,100.0,80.0,0.0,0.0
26.2404,1.058,-17.323,-0.12,0.2448,escape,0.544,1.5,1.0,-0.765,80.0,60.0,0.0,0.0,0.0,0.0,20.0,0.0,60.0,0.0,100.0,80.0,0.0,0.0
26.2737,0.918,-17.029,-0.025,0.618,escape,0.544,1.5,1.0,-0.765,80.0,60.0,0.0,0.0,0.0,0.0,20.0,0.0,60.0,0.0,100.0,80.0,0.0,0.0
26.307,1.074,-17.078,-0.075,0.4645,escape,1.5,0.951,1.0,0.439,80.0,60.0,0.0,0.0,0.0,0.0,20.0,0.0,60.0,0.0,100.0,80.0,0.0,0.0
26.3403,0.952,-16.861,0.12,0.8365,escape,1.5,0.951,1.0,0.439,80.0,60.0,0.0,0.0,0.0,0.0,20.0,0.0,60.0,0.0,100.0,80.0,0.0,0.0
26.3736,1.086,-16.664,-0.039,0.7382,escape,1.5,0.951,1.0,0.439,80.0,60.0,0.0,0.0,0.0,0.0,20.0,0.0,60.0,0.0,100.0,80.0,0.0,0.0
26.4069,1.264,-16.783,-0.108,0.5535,escape,1.5,0.693,1.0,0.646,80.0,60.0,0.0,0.0,0.0,0.0,20.0,0.0,60.0,0.0,100.0,80.0,0.0,0.0
26.4402,1.198,-16.575,-0.129,0.6703,escape,1.5,0.693,1.0,0.646,80.0,60.0,0.0,0.0,0.0,0.0,20.0,0.0,60.0,0.0,100.0,80.0,0.0,0.0
26.4735,1.415,-16.768,-0.006,0.4052,escape,1.5,0.693,1.0,0.646,80.0,60.0,0.0,0.0,0.0,0.0,20.0,0.0,60.0,0.0,100.0,80.0,0.0,0.0
26.5068,1.492,-16.763,-0.015,0.4861,escape,1.298,1.302,1.0,-0.002,80.0,60.0,0.0,0.0,0.0,0.0,20.0,0.0,60.0,0.0,100.0,80.0,0.0,0.0
26.5401,1.661,-16.764,-0.034,0.366,escape,1.298,1.302,1.0,-0.002,80.0,60.0,0.0,0.0,0.0,0.0,20.0,0.0,60.0,0.0,100.0,80.0,0.0,0.0
26.5734,1.895,-17.002,-0.112,0.0632,escape,1.298,1.302,1.0,-0.002,80.0,60.0,0.0,0.0,0.0,0.0,20.0,0.0,60.0,0.0,100.0,80.0,0.0,0.0
26.6067,1.913,-16.756,-0.114,0.2419,escape,0.839,1.5,1.0,-0.529,80.0,60.0,0.0,0.0,0.0,0.0,20.0,0.0,60.0,0.0,100.0,80.0,0.0,0.0
26.64,2.041,-16.966,0.0,0.0524,escape,0.839,1.5,1.0,-0.529,80.0,60.0,0.0,0.0,0.0,0.0,20.0,0.0,60.0,0.0,80.0,80.0,0.0,0.0
26.6733,2.139,-16.832,0.044,0.2704,escape,0.839,1.5,1.0,-0.529,80.0,60.0,0.0,0.0,0.0,0.0,20.0,0.0,60.0,0.0,80.0,80.0,0.0,0.0
26.7066,2.444,-16.763,-0.076,0.2672,escape,0.7,1.5,1.0,-0.64,80.0,60.0,0.0,0.0,0.0,0.0,20.0,0.0,60.0,0.0,80.0,80.0,0.0,0.0
26.7399,2.469,-16.724,-0.089,0.3034,escape,0.7,1.5,1.0,-0.64,80.0,60.0,0.0,0.0,0.0,0.0,20.0,0.0,60.0,0.0,80.0,80.0,0.0,0.0
26.7732,2.414,-16.411,-0.107,0.5933,escape,0.7,1.5,1.0,-0.64,80.0,80.0,0.0,0.0,0.0,0.0,20.0,0.0,60.0,0.0,80.0,80.0,0.0,0.0
26.8065,2.548,-16.422,-0.035,0.5082,escape,1.5,0.147,0.823,0.8,80.0,80.0,0.0,0.0,0.0,0.0,20.0,0.0,60.0,0.0,80.0,80.0,0.0,0.0
26.8398,2.571,-16.301,0.007,0.7213,escape,1.5,0.147,0.823,0.8,80.0,80.0,0.0,0.0,0.0,0.0,20.0,0.0,60.0,0.0,80.0,80.0,0.0,0.0
26.8731,2.681,-16.181,-0.046,0.6605,escape,1.5,0.147,0.823,0.8,80.0,80.0,0.0,0.0,0.0,0.0,20.0,0.0,60.0,0.0,80.0,100.0,0.0,0.0
26.9064,2.783,-16.241,-0.122,0.6453,escape,1.5,0.199,0.849,0.8,80.0,80.0,0.0,0.0,0.0,0.0,20.0,0.0,60.0,0.0,80.0,100.0,0.0,0.0
26.9397,2.841,-16.138,-0.136,0.7648,escape,1.5,0.199,0.849,0.8,80.0,80.0,0.0,0.0,0.0,0.0,20.0,0.0,60.0,0.0,80.0,100.0,0.0,0.0
26.973,2.969,-16.372,0.073,0.536,escape,1.5,0.199,0.849,0.8,80.0,80.0,0.0,0.0,0.0,0.0,20.0,0.0,60.0,0.0,80.0,100.0,0.0,0.0
27.0063,3.065,-16.201,-0.083,0.7092,escape,1.5,0.721,1.0,0.623,80.0,80.0,0.0,0.0,0.0,0.0,20.0,0.0,60.0,0.0,80.0,100.0,0.0,0.0
27.0396,3.24,-16.266,-0.028,0.614,escape,1.5,0.721,1.0,0.623,80.0,80.0,0.0,0.0,0.0,0.0,20.0,0.0,60.0,0.0,80.0,100.0,0.0,0.0
27.0729,3.424,-16.293,-0.117,0.4575,escape,1.5,0.721,1.0,0.623,100.0,80.0,0.0,0.0,0.0,0.0,20.0,0.0,60.0,0.0,80.0,100.0,0.0,0.0
27.1062,3.434,-16.166,-0.138,0.5568,escape,1.5,0.934,1.0,0.453,100.0,80.0,0.0,0.0,0.0,0.0,20.0,0.0,60.0,0.0,80.0,100.0,0.0,0.0
27.1395,3.556,-16.631,0.087,0.0486,escape,1.5,0.934,1.0,0.453,100.0,80.0,0.0,0.0,0.0,0.0,20.0,0.0,60.0,0.0,80.0,100.0,0.0,0.0
27.1728,3.782,-16.625,0.001,0.0723,escape,1.5,0.934,1.0,0.453,100.0,80.0,0.0,0.0,0.0,0.0,20.0,0.0,60.0,0.0,80.0,100.0,0.0,0.0
27.2061,3.913,-16.727,-0.028,-0.0677,escape,0.505,1.5,1.0,-0.796,100.0,80.0,0.0,0.0,0.0,0.0,20.0,0.0,60.0,0.0,80.0,100.0,0.0,0.0
27.2394,4.013,-17.008,-0.109,-0.3859,escape,0.505,1.5,1.0,-0.796,100.0,80.0,0.0,0.0,0.0,0.0,20.0,0.0,60.0,0.0,80.0,100.0,0.0,0.0
27.2727,4.129,-16.767,-0.11,-0.2005,escape,0.505,1.5,1.0,-0.796,100.0,80.0,0.0,0.0,0.0,0.0,20.0,0.0,60.0,0.0,80.0,100.0,0.0,0.0
27.306,4.179,-16.859,0.017,-0.3465,escape,-0.261,1.5,0.62,-0.8,100.0,80.0,0.0,0.0,0.0,0.0,20.0,0.0,60.0,0.0,80.0,100.0,0.0,0.0
27.3393,4.251,-16.759,0.041,-0.0742,escape,-0.261,1.5,0.62,-0.8,100.0,80.0,0.0,0.0,0.0,0.0,20.0,0.0,60.0,0.0,80.0,100.0,0.0,0.0
27.3726,4.401,-16.847,-0.118,-0.3028,escape,-0.261,1.5,0.62,-0.8,100.0,80.0,0.0,0.0,0.0,0.0,20.0,0.0,60.0,0.0,80.0,100.0,0.0,0.0
27.4059,4.496,-16.932,-0.148,-0.3839,escape,-0.5,1.5,0.5,-0.8,100.0,80.0,0.0,0.0,0.0,0.0,20.0,0.0,60.0,0.0,80.0,100.0,0.0,0.0
27.4392,4.589,-16.803,-0.033,-0.2428,escape,-0.5,1.5,0.5,-0.8,100.0,80.0,0.0,0.0,0.0,0.0,20.0,0.0,60.0,0.0,80.0,100.0,0.0,0.0
27.4725,4.694,-16.857,-0.05,-0.4734,escape,-0.5,1.5,0.5,-0.8,100.0,80.0,0.0,0.0,0.0,0.0,20.0,0.0,60.0,0.0,80.0,100.0,0.0,0.0
27.5058,4.885,-16.775,-0.012,-0.331,escape,-0.5,1.5,0.5,-0.8,100.0,80.0,0.0,0.0,0.0,0.0,20.0,0.0,60.0,0.0,80.0,100.0,0.0,0.0
27.5391,5.015,-17.015,-0.119,-0.5903,escape,-0.5,1.5,0.5,-0.8,100.0,80.0,0.0,0.0,0.0,0.0,20.0,0.0,60.0,0.0,80.0,100.0,0.0,0.0
27.5724,5.03,-17.117,-0.141,-0.7367,escape,-0.5,1.5,0.5,-0.8,100.0,80.0,0.0,0.0,0.0,0.0,20.0,0.0,60.0,0.0,80.0,100.0,0.0,0.0
27.6057,5.2,-17.137,-0.004,-0.5981,escape,-0.5,1.5,0.5,-0.8,100.0,80.0,0.0,0.0,0.0,0.0,20.0,0.0,60.0,0.0,80.0,100.0,0.0,0.0
27.639,5.281,-17.158,-0.088,-0.7926,escape,-0.5,1.5,0.5,-0.8,100.0,80.0,0.0,0.0,0.0,0.0,20.0,0.0,60.0,0.0,80.0,100.0,0.0,0.0
27.6723,5.503,-17.173,-0.035,-0.6698,escape,-0.5,1.5,0.5,-0.8,100.0,80.0,0.0,0.0,0.0,0.0,20.0,0.0,60.0,0.0,80.0,100.0,0.0,0.0
27.7056,5.606,-17.307,-0.109,-0.7376,escape,-0.5,1.5,0.5,-0.8,100.0,80.0,0.0,0.0,0.0,0.0,20.0,0.0,60.0,0.0,80.0,100.0,0.0,0.0
27.7389,5.611,-17.291,-0.148,-0.802,escape,-0.5,1.5,0.5,-0.8,100.0,80.0,0.0,0.0,0.0,0.0,20.0,0.0,60.0,0.0,80.0,100.0,0.0,0.0
27.7722,5.783,-17.218,-0.028,-0.582,escape,-0.5,1.5,0.5,-0.8,80.0,80.0,0.0,0.0,0.0,0.0,20.0,0.0,60.0,0.0,80.0,100.0,0.0,0.0
27.8055,5.871,-17.3,-0.107,-0.7521,escape,-0.5,1.5,0.5,-0.8,80.0,80.0,0.0,0.0,0.0,0.0,20.0,0.0,60.0,0.0,80.0,100.0,0.0,0.0
27.8388,5.97,-17.261,-0.041,-0.6792,escape,-0.5,1.5,0.5,-0.8,80.0,80.0,0.0,0.0,0.0,0.0,20.0,0.0,60.0,0.0,80.0,100.0,0.0,0.0
27.8721,6.105,-17.326,-0.114,-0.6114,escape,-0.5,1.5,0.5,-0.8,80.0,80.0,0.0,0.0,0.0,0.0,20.0,0.0,60.0,0.0,80.0,100.0,0.0,0.0
27.9054,6.092,-17.337,-0.135,-0.6963,escape,-0.5,1.5,0.5,-0.8,80.0,80.0,0.0,0.0,0.0,0.0,20.0,0.0,60.0,0.0,80.0,100.0,0.0,0.0
27.9387,6.259,-17.188,0.013,-0.4528,escape,-0.5,1.5,0.5,-0.8,80.0,80.0,0.0,0.0,0.0,0.0,20.0,0.0,60.0,0.0,60.0,100.0,0.0,0.0
27.972,6.391,-17.383,-0.112,-0.6304,escape,-0.5,1.5,0.5,-0.8,80.0,80.0,0.0,0.0,0.0,0.0,20.0,0.0,60.0,0.0,60.0,80.0,0.0,0.0
28.0053,6.445,-17.274,-0.054,-0.6559,escape,-0.5,1.5,0.5,-0.8,80.0,80.0,0.0,0.0,0.0,0.0,20.0,0.0,60.0,0.0,60.0,80.0,0.0,0.0
28.0386,6.628,-17.344,-0.12,-0.5509,escape,-0.5,1.5,0.5,-0.8,80.0,80.0,0.0,0.0,0.0,0.0,20.0,0.0,60.0,0.0,60.0,80.0,0.0,0.0
28.0719,6.64,-17.391,-0.129,-0.63,escape,-0.5,1.5,0.5,-0.8,80.0,80.0,0.0,0.0,0.0,0.0,20.0,0.0,60.0,0.0,60.0,80.0,0.0,0.0
28.1052,6.833,-17.262,0.068,-0.4426,escape,-0.5,1.5,0.5,-0.8,80.0,80.0,0.0,0.0,0.0,0.0,20.0,0.0,60.0,0.0,60.0,80.0,0.0,0.0
28.1385,6.967,-17.437,-0.112,-0.6005,escape,-0.5,1.5,0.5,-0.8,80.0,60.0,0.0,0.0,0.0,0.0,20.0,0.0,60.0,0.0,60.0,80.0,0.0,0.0
28.1718,7.023,-17.318,-0.075,-0.6433,escape,-0.5,1.5,0.5,-0.8,80.0,60.0,0.0,0.0,0.0,0.0,20.0,0.0,60.0,0.0,60.0,80.0,0.0,0.0
28.2051,7.216,-17.285,-0.096,-0.4671,escape,-0.5,1.5,0.5,-0.8,80.0,60.0,0.0,0.0,0.0,0.0,20.0,0.0,60.0,0.0,60.0,80.0,0.0,0.0
28.2384,7.281,-17.405,-0.131,-0.5842,escape,-0.5,1.5,0.5,-0.8,80.0,60.0,0.0,0.0,0.0,0.0,20.0,0.0,60.0,0.0,60.0,80.0,0.0,0.0
28.2717,7.379,-17.16,0.097,-0.4406,escape,-0.5,1.5,0.5,-0.8,80.0,60.0,0.0,0.0,0.0,0.0,20.0,0.0,60.0,0.0,60.0,80.0,0.0,0.0
28.305,7.622,-17.303,-0.117,-0.5178,escape,-0.5,1.5,0.5,-0.8,80.0,60.0,0.0,0.0,0.0,0.0,20.0,0.0,60.0,0.0,60.0,80.0,0.0,0.0
28.3383,7.657,-17.216,-0.116,-0.5736,escape,-0.5,1.5,0.5,-0.8,80.0,60.0,0.0,0.0,0.0,0.0,20.0,0.0,60.0,0.0,60.0,80.0,0.0,0.0
28.3716,7.825,-16.875,-0.074,-0.2633,escape,-0.5,1.5,0.5,-0.8,80.0,60.0,0.0,0.0,0.0,0.0,20.0,0.0,60.0,0.0,60.0,80.0,0.0,0.0
28.4049,7.938,-17.042,-0.134,-0.3923,escape,-0.5,1.5,0.5,-0.8,80.0,60.0,0.0,0.0,0.0,0.0,20.0,0.0,60.0,0.0,60.0,80.0,0.0,0.0
28.4382,7.939,-16.779,0.098,-0.296,escape,-0.5,1.5,0.5,-0.8,80.0,60.0,0.0,0.0,0.0,0.0,20.0,0.0,60.0,0.0,60.0,80.0,0.0,0.0
28.4715,8.197,-16.764,-0.133,-0.2309,escape,-0.5,1.5,0.5,-0.8,80.0,80.0,0.0,0.0,0.0,0.0,20.0,0.0,60.0,0.0,60.0,80.0,0.0,0.0
28.5048,8.217,-16.732,-0.134,-0.312,escape,-0.5,1.5,0.5,-0.8,80.0,80.0,0.0,0.0,0.0,0.0,20.0,0.0,60.0,0.0,60.0,80.0,0.0,0.0
28.5381,8.197,-16.301,0.037,0.0485,escape,-0.5,1.5,0.5,-0.8,80.0,80.0,0.0,0.0,0.0,0.0,20.0,0.0,60.0,0.0,60.0,80.0,0.0,0.0
28.5714,8.366,-16.378,-0.112,-0.0082,escape,-0.5,1.5,0.5,-0.8,80.0,80.0,0.0,0.0,0.0,0.0,20.0,0.0,60.0,0.0,60.0,80.0,0.0,0.0
28.6047,8.334,-16.143,0.086,0.0682,escape,-0.5,1.5,0.5,-0.8,80.0,80.0,0.0,0.0,0.0,0.0,20.0,0.0,60.0,0.0,60.0,60.0,0.0,0.0
28.638,8.433,-16.005,-0.137,0.1781,escape,-0.5,1.5,0.5,-0.8,80.0,80.0,0.0,0.0,0.0,0.0,20.0,0.0,60.0,0.0,60.0,60.0,0.0,0.0
28.6713,8.483,-16.059,-0.145,0.1374,escape,-0.5,1.5,0.5,-0.8,80.0,80.0,0.0,0.0,0.0,0.0,20.0,0.0,60.0,0.0,60.0,60.0,0.0,0.0
28.7046,8.213,-15.796,0.12,0.4053,escape,1.395,1.205,1.0,0.152,80.0,80.0,0.0,0.0,0.0,0.0,20.0,0.0,60.0,0.0,60.0,60.0,0.0,0.0
28.7379,8.404,-15.724,-0.121,0.2845,escape,1.395,1.205,1.0,0.152,60.0,80.0,0.0,0.0,0.0,0.0,20.0,0.0,40.0,0.0,60.0,60.0,0.0,0.0
28.7712,8.333,-15.595,0.057,0.548,escape,1.395,1.205,1.0,0.152,60.0,80.0,0.0,0.0,0.0,0.0,20.0,0.0,40.0,0.0,80.0,60.0,0.0,0.0
28.8045,8.54,-15.593,0.06,0.3496,escape,1.354,1.246,1.0,0.086,60.0,80.0,0.0,0.0,0.0,0.0,20.0,0.0,40.0,0.0,80.0,60.0,0.0,0.0
28.8378,8.739,-15.526,-0.046,0.3631,escape,1.354,1.246,1.0,0.086,60.0,80.0,0.0,0.0,0.0,0.0,0.0,0.0,40.0,0.0,80.0,60.0,0.0,0.0
28.8711,8.738,-15.42,-0.08,0.4653,escape,1.354,1.246,1.0,0.086,60.0,80.0,0.0,0.0,0.0,0.0,0.0,0.0,40.0,0.0,80.0,60.0,0.0,0.0
28.9044,8.884,-15.626,-0.097,0.2761,escape,1.5,0.171,0.836,0.8,60.0,80.0,0.0,0.0,0.0,0.0,0.0,0.0,40.0,0.0,80.0,60.0,0.0,0.0
28.9377,8.939,-15.554,0.009,0.3992,escape,1.5,0.171,0.836,0.8,60.0,80.0,0.0,0.0,0.0,0.0,0.0,0.0,40.0,0.0,80.0,60.0,0.0,0.0
28.971,9.058,-15.661,0.076,0.1831,escape,1.5,0.171,0.836,0.8,60.0,80.0,0.0,0.0,0.0,0.0,0.0,0.0,40.0,0.0,80.0,60.0,0.0,0.0
29.0043,9.25,-15.604,-0.125,0.2872,escape,1.493,1.107,1.0,0.31,60.0,80.0,0.0,0.0,0.0,0.0,0.0,0.0,40.0,0.0,80.0,60.0,0.0,0.0
29.0376,9.311,-15.642,-0.115,0.3154,escape,1.493,1.107,1.0,0.31,60.0,80.0,0.0,0.0,0.0,0.0,0.0,0.0,40.0,0.0,80.0,60.0,0.0,0.0
29.0709,9.353,-16.129,-0.074,-0.1938,escape,1.493,1.107,1.0,0.31,60.0,80.0,0.0,0.0,0.0,0.0,0.0,0.0,40.0,0.0,80.0,60.0,0.0,0.0
29.1042,9.477,-16.052,0.062,-0.0813,escape,-0.5,1.5,0.5,-0.8,60.0,80.0,0.0,0.0,0.0,0.0,0.0,0.0,40.0,0.0,80.0,60.0,0.0,0.0
29.1375,9.642,-15.986,-0.013,-0.2149,escape,-0.5,1.5,0.5,-0.8,60.0,80.0,0.0,0.0,0.0,0.0,0.0,0.0,40.0,0.0,80.0,60.0,0.0,0.0
29.1708,9.929,-15.763,-0.181,0.0214,escape,-0.5,1.5,0.5,-0.8,60.0,80.0,0.0,0.0,0.0,0.0,0.0,0.0,40.0,0.0,80.0,60.0,0.0,0.0
29.2041,9.834,-15.631,-0.089,0.2497,escape,1.043,1.5,1.0,-0.365,60.0,80.0,0.0,0.0,0.0,0.0,0.0,0.0,40.0,0.0,80.0,60.0,0.0,0.0
29.2374,9.974,-15.679,-0.024,0.2086,walking,0.302,0.247,0.275,0.044,60.0,60.0,0.0,0.0,0.0,0.0,0.0,0.0,40.0,0.0,80.0,60.0,0.0,0.0
29.2707,10.072,-15.691,-0.074,0.2178,walking,0.302,0.247,0.275,0.044,60.0,60.0,0.0,0.0,0.0,0.0,0.0,0.0,40.0,0.0,80.0,60.0,0.0,0.0
29.304,10.142,-15.658,-0.135,0.1602,walking,0.302,0.247,0.275,0.044,60.0,60.0,0.0,0.0,0.0,0.0,0.0,0.0,40.0,0.0,80.0,60.0,0.0,0.0
29.3373,10.179,-15.709,-0.102,0.0968,walking,0.289,0.261,0.275,0.022,60.0,60.0,0.0,0.0,0.0,0.0,0.0,0.0,20.0,0.0,80.0,60.0,0.0,0.0
29.3706,10.234,-15.598,0.025,0.1933,walking,0.315,0.285,0.3,0.024,60.0,60.0,0.0,0.0,0.0,0.0,0.0,0.0,20.0,0.0,80.0,80.0,0.0,0.0
29.4039,10.29,-15.699,-0.059,0.0966,walking,0.315,0.285,0.3,0.024,60.0,60.0,0.0,0.0,0.0,0.0,0.0,0.0,20.0,0.0,80.0,80.0,0.0,0.0
29.4372,10.332,-15.655,-0.105,0.1385,walking,0.341,0.309,0.325,0.026,60.0,60.0,0.0,0.0,0.0,0.0,0.0,0.0,20.0,0.0,100.0,80.0,0.0,0.0
29.4705,10.385,-15.72,-0.064,0.0743,walking,0.315,0.285,0.3,0.024,60.0,60.0,0.0,0.0,0.0,0.0,0.0,0.0,20.0,0.0,100.0,60.0,0.0,0.0
29.5038,10.451,-15.746,0.021,0.0707,walking,0.315,0.285,0.3,0.024,60.0,60.0,0.0,0.0,0.0,0.0,0.0,0.0,20.0,0.0,100.0,60.0,0.0,0.0
29.5371,10.533,-15.633,0.115,0.1379,walking,0.315,0.285,0.3,0.024,60.0,60.0,0.0,0.0,0.0,0.0,0.0,0.0,20.0,0.0,100.0,60.0,0.0,0.0
29.5704,10.621,-15.824,-0.002,0.0017,walking,0.315,0.285,0.3,0.024,60.0,60.0,0.0,0.0,0.0,0.0,0.0,0.0,20.0,0.0,100.0,60.0,0.0,0.0
29.6037,10.635,-15.684,-0.106,0.1165,walking,0.289,0.261,0.275,0.022,60.0,60.0,0.0,0.0,0.0,0.0,0.0,0.0,20.0,0.0,80.0,60.0,0.0,0.0
29.637,10.647,-15.854,0.013,0.0454,walking,0.289,0.261,0.275,0.022,60.0,60.0,0.0,0.0,0.0,0.0,0.0,0.0,20.0,0.0,80.0,60.0,0.0,0.0
29.6703,10.724,-15.895,0.092,0.0522,walking,0.289,0.261,0.275,0.022,60.0,60.0,0.0,0.0,0.0,0.0,0.0,0.0,20.0,0.0,80.0,60.0,0.0,0.0
29.7036,10.885,-15.832,0.127,0.0317,walking,0.261,0.289,0.275,-0.022,60.0,60.0,0.0,0.0,0.0,0.0,0.0,20.0,20.0,0.0,80.0,60.0,0.0,0.0
29.7369,10.914,-16.077,0.075,0.0075,walking,0.261,0.289,0.275,-0.022,60.0,60.0,0.0,0.0,0.0,0.0,0.0,20.0,20.0,0.0,80.0,60.0,0.0,0.0
29.7702,10.834,-15.726,-0.12,0.1738,walking,0.289,0.261,0.275,0.022,40.0,60.0,0.0,0.0,0.0,0.0,20.0,20.0,20.0,0.0,80.0,60.0,0.0,0.0
29.8035,10.887,-15.884,0.045,0.0399,walking,0.289,0.261,0.275,0.022,40.0,60.0,0.0,0.0,0.0,0.0,20.0,20.0,20.0,0.0,80.0,60.0,0.0,0.0
29.8368,11.081,-15.836,0.069,0.2458,walking,0.289,0.261,0.275,0.022,40.0,60.0,0.0,0.0,0.0,0.0,20.0,20.0,20.0,0.0,80.0,60.0,0.0,0.0
29.8701,11.175,-15.752,0.137,0.103,walking,0.289,0.261,0.275,0.022,40.0,60.0,0.0,0.0,0.0,0.0,20.0,20.0,20.0,0.0,80.0,60.0,0.0,0.0
29.9034,11.268,-15.99,0.39,-0.1265,walking,0.289,0.261,0.275,0.022,40.0,60.0,0.0,0.0,0.0,0.0,20.0,20.0,20.0,0.0,80.0,60.0,0.0,0.0
29.9367,11.499,-16.084,-0.112,-0.1313,walking,0.289,0.261,0.275,0.022,60.0,60.0,0.0,0.0,0.0,0.0,20.0,20.0,20.0,0.0,80.0,60.0,0.0,0.0
29.97,11.605,-16.325,0.047,-0.3833,walking,0.315,0.285,0.3,0.024,60.0,60.0,0.0,0.0,0.0,0.0,20.0,20.0,20.0,0.0,80.0,60.0,0.0,0.0
